date,price,position
2019-01-01,5957.5,0.0
2019-01-02,5851.0,0.0
2019-01-03,5759.0,0.0
2019-01-04,5940.5,0.0
2019-01-07,5944.5,0.0
2019-01-08,5932.5,0.0
2019-01-09,5995.0,0.0
2019-01-10,5972.0,0.0
2019-01-11,5978.0,0.0
2019-01-14,5940.75,0.0
2019-01-15,5959.0,0.0
2019-01-16,6005.0,0.0
2019-01-17,6030.0,0.0
2019-01-18,6080.0,0.0
2019-01-21,6018.0,0.0
2019-01-22,5972.0,0.0
2019-01-23,5996.75,0.0
2019-01-24,5971.0,0.0
2019-01-25,6096.0,0.0
2019-01-28,6048.25,0.0
2019-01-29,6085.5,1.0
2019-01-30,6170.0,1.0
2019-01-31,6204.0,1.0
2019-02-01,6183.5,1.0
2019-02-04,6215.5,1.0
2019-02-05,6272.0,1.0
2019-02-06,6314.0,1.0
2019-02-07,6276.5,1.0
2019-02-08,6239.5,1.0
2019-02-11,6167.0,1.0
2019-02-12,6125.25,1.0
2019-02-13,6125.5,1.0
2019-02-14,6143.0,1.0
2019-02-15,6200.0,1.0
2019-02-18,6284.5,1.0
2019-02-19,6324.25,1.0
2019-02-20,6416.0,1.0
2019-02-21,6397.5,1.0
2019-02-22,6479.5,1.0
2019-02-25,6481.5,1.0
2019-02-26,6499.25,1.0
2019-02-27,6510.5,1.0
2019-02-28,6521.0,1.0
2019-03-01,6484.5,1.0
2019-03-04,6407.5,1.0
2019-03-05,6477.5,1.0
2019-03-06,6484.5,1.0
2019-03-07,6430.0,1.0
2019-03-08,6406.0,1.0
2019-03-11,6416.0,1.0
2019-03-12,6488.5,1.0
2019-03-13,6479.5,1.0
2019-03-14,6425.0,1.0
2019-03-15,6440.75,1.0
2019-03-18,6433.25,1.0
2019-03-19,6478.0,1.0
2019-03-20,6476.5,1.0
2019-03-21,6444.0,1.0
2019-03-22,6335.0,-1.0
2019-03-25,6366.0,-1.0
2019-03-26,6340.25,-1.0
2019-03-27,6349.0,-1.0
2019-03-28,6370.75,-1.0
2019-03-29,6489.5,0.0
2019-04-01,6481.5,1.0
2019-04-02,6450.5,0.0
2019-04-03,6508.0,0.0
2019-04-04,6478.5,0.0
2019-04-05,6441.0,0.0
2019-04-08,6516.0,1.0
2019-04-09,6523.5,1.0
2019-04-10,6508.0,1.0
2019-04-11,6452.0,1.0
2019-04-12,6521.5,1.0
2019-04-15,6521.5,1.0
2019-04-16,6534.25,1.0
2019-04-17,6592.5,1.0
2019-04-18,6515.75,1.0
2019-04-19,6515.75,1.0
2019-04-22,6515.75,1.0
2019-04-23,6445.5,1.0
2019-04-24,6480.75,1.0
2019-04-25,6401.25,1.0
2019-04-26,6436.0,0.0
2019-04-29,6437.75,0.0
2019-04-30,6455.0,0.0
2019-05-01,6285.0,-1.0
2019-05-02,6210.0,-1.0
2019-05-03,6278.0,-1.0
2019-05-06,6278.0,-1.0
2019-05-07,6232.0,-1.0
2019-05-08,6201.5,-1.0
2019-05-09,6143.5,-1.0
2019-05-10,6174.5,-1.0
2019-05-13,6057.5,-1.0
2019-05-14,6079.0,-1.0
2019-05-15,6136.5,-1.0
2019-05-16,6155.5,-1.0
2019-05-17,6110.25,-1.0
2019-05-20,6084.25,-1.0
2019-05-21,6058.25,-1.0
2019-05-22,5999.5,-1.0
2019-05-23,5993.5,-1.0
2019-05-24,6016.5,-1.0
2019-05-27,6016.5,-1.0
2019-05-28,6018.5,-1.0
2019-05-29,5953.0,-1.0
2019-05-30,5924.5,-1.0
2019-05-31,5893.0,-1.0
2019-06-03,5905.0,-1.0
2019-06-04,5939.75,-1.0
2019-06-05,5866.5,-1.0
2019-06-06,5865.5,-1.0
2019-06-07,5857.0,-1.0
2019-06-10,5915.75,-1.0
2019-06-11,5922.0,-1.0
2019-06-12,5902.5,-1.0
2019-06-13,5905.0,-1.0
2019-06-14,5861.5,-1.0
2019-06-17,5885.75,-1.0
2019-06-18,5983.0,-1.0
2019-06-19,5959.0,-1.0
2019-06-20,6015.0,0.0
2019-06-21,6016.75,0.0
2019-06-24,6009.0,0.0
2019-06-25,6088.5,1.0
2019-06-26,6037.5,1.0
2019-06-27,6036.75,1.0
2019-06-28,6032.5,1.0
2019-07-01,6005.5,1.0
2019-07-02,5945.75,0.0
2019-07-03,5973.0,1.0
2019-07-04,5974.5,1.0
2019-07-05,5960.0,1.0
2019-07-08,5953.5,1.0
2019-07-09,5883.0,0.0
2019-07-10,5996.0,1.0
2019-07-11,6012.0,1.0
2019-07-12,5987.5,1.0
2019-07-15,6034.0,1.0
2019-07-16,6066.25,1.0
2019-07-17,6036.25,1.0
2019-07-18,6039.25,1.0
2019-07-19,6119.5,1.0
2019-07-22,6077.5,1.0
2019-07-23,6026.0,-1.0
2019-07-24,6053.75,0.0
2019-07-25,6063.0,0.0
2019-07-26,6020.25,0.0
2019-07-29,6069.5,1.0
2019-07-30,5995.75,1.0
2019-07-31,5977.5,0.0
2019-08-01,5951.25,0.0
2019-08-02,5784.5,-1.0
2019-08-05,5743.75,-1.0
2019-08-06,5739.5,-1.0
2019-08-07,5761.25,-1.0
2019-08-08,5849.75,-1.0
2019-08-09,5805.75,-1.0
2019-08-12,5795.0,-1.0
2019-08-13,5879.25,-1.0
2019-08-14,5819.75,-1.0
2019-08-15,5805.5,-1.0
2019-08-16,5797.25,-1.0
2019-08-19,5830.0,-1.0
2019-08-20,5765.0,-1.0
2019-08-21,5789.5,-1.0
2019-08-22,5741.0,-1.0
2019-08-23,5689.0,-1.0
2019-08-26,5689.0,-1.0
2019-08-27,5738.0,-1.0
2019-08-28,5738.0,-1.0
2019-08-29,5771.25,-1.0
2019-08-30,5724.25,-1.0
2019-09-02,5680.0,-1.0
2019-09-03,5664.0,-1.0
2019-09-04,5794.0,0.0
2019-09-05,5894.75,0.0
2019-09-06,5889.0,1.0
2019-09-09,5872.25,1.0
2019-09-10,5881.5,0.0
2019-09-11,5826.25,0.0
2019-09-12,5884.25,1.0
2019-09-13,6022.75,1.0
2019-09-16,5924.5,1.0
2019-09-17,5877.5,1.0
2019-09-18,5864.0,1.0
2019-09-19,5841.5,1.0
2019-09-20,5852.0,1.0
2019-09-23,5826.25,1.0
2019-09-24,5826.25,1.0
2019-09-25,5835.5,1.0
2019-09-26,5769.0,0.0
2019-09-27,5814.0,1.0
2019-09-30,5769.25,1.0
2019-10-01,5735.0,1.0
2019-10-02,5721.25,-1.0
2019-10-03,5712.5,-1.0
2019-10-04,5696.0,-1.0
2019-10-07,5782.25,-1.0
2019-10-08,5735.0,-1.0
2019-10-09,5742.0,-1.0
2019-10-10,5840.75,-1.0
2019-10-11,5859.25,-1.0
2019-10-14,5876.0,-1.0
2019-10-15,5832.75,-1.0
2019-10-16,5796.25,-1.0
2019-10-17,5803.75,-1.0
2019-10-18,5864.5,0.0
2019-10-21,5889.5,1.0
2019-10-22,5884.5,1.0
2019-10-23,5943.0,1.0
2019-10-24,5940.5,1.0
2019-10-25,5990.5,1.0
2019-10-28,5971.0,1.0
2019-10-29,5990.5,1.0
2019-10-30,5973.0,1.0
2019-10-31,5858.5,1.0
2019-11-01,5914.75,1.0
2019-11-04,5944.0,1.0
2019-11-05,6008.25,1.0
2019-11-06,5969.25,1.0
2019-11-07,6031.25,1.0
2019-11-08,5986.25,1.0
2019-11-11,5946.0,1.0
2019-11-12,5937.5,1.0
2019-11-13,5900.25,1.0
2019-11-14,5879.0,1.0
2019-11-15,5915.25,1.0
2019-11-18,5890.0,0.0
2019-11-19,5932.5,0.0
2019-11-20,5930.5,0.0
2019-11-21,5888.5,0.0
2019-11-22,5910.0,-1.0
2019-11-25,5918.75,-1.0
2019-11-26,5973.0,-1.0
2019-11-27,5998.5,0.0
2019-11-28,5947.0,1.0
2019-11-29,5916.25,0.0
2019-12-02,5936.25,0.0
2019-12-03,5862.0,-1.0
2019-12-04,5935.0,-1.0
2019-12-05,5942.25,-1.0
2019-12-06,6042.5,0.0
2019-12-09,6124.25,1.0
2019-12-10,6150.75,1.0
2019-12-11,6206.25,1.0
2019-12-12,6205.75,1.0
2019-12-13,6169.75,1.0
2019-12-16,6228.75,1.0
2019-12-17,6234.0,1.0
2019-12-18,6209.75,1.0
2019-12-19,6246.0,1.0
2019-12-20,6209.25,1.0
2019-12-23,6228.25,1.0
2019-12-24,6252.5,1.3
2019-12-25,6252.5,1.3
2019-12-26,6252.5,1.3
2019-12-27,6250.5,1.3
2019-12-30,6255.5,1.3
2019-12-31,6208.5,1.3
2020-01-01,6208.5,1.3
2020-01-02,6231.75,1.3
2020-01-03,6180.0,1.3
2020-01-06,6190.25,1.3
2020-01-07,6200.0,1.3
2020-01-08,6231.25,1.3
2020-01-09,6237.5,1.3
2020-01-10,6253.0,1.3
2020-01-13,6342.0,1.3
2020-01-14,6354.25,1.3
2020-01-15,6338.5,1.3
2020-01-16,6328.0,1.3
2020-01-17,6325.0,1.3
2020-01-20,6307.0,1.3
2020-01-21,6217.0,0.0
2020-01-22,6163.0,-1.3
2020-01-23,6044.5,-1.3
2020-01-24,5981.25,-1.3
2020-01-27,5800.25,-1.3
2020-01-28,5764.0,-0.6
2020-01-29,5704.75,-0.6
2020-01-30,5649.5,-0.6
2020-01-31,5627.75,-0.6
2020-02-03,5597.0,-0.6
2020-02-04,5690.0,-0.6
2020-02-05,5790.75,-0.6
2020-02-06,5801.0,-0.6
2020-02-07,5734.25,-0.6
2020-02-10,5733.5,-0.6
2020-02-11,5809.25,-0.9
2020-02-12,5830.25,-0.9
2020-02-13,5855.25,-0.9
2020-02-14,5825.0,-0.9
2020-02-17,5876.0,-0.9
2020-02-18,5842.0,-0.9
2020-02-19,5834.5,-0.9
2020-02-20,5793.75,-0.9
2020-02-21,5830.5,-0.9
2020-02-24,5756.75,-0.9
2020-02-25,5751.75,-0.9
2020-02-26,5739.0,0.0
2020-02-27,5684.5,0.0
2020-02-28,5703.75,0.9
2020-03-02,5775.25,0.9
2020-03-03,5742.25,0.9
2020-03-04,5756.75,0.0
2020-03-05,5745.25,0.0
2020-03-06,5679.25,0.0
2020-03-09,5608.0,-0.9
2020-03-10,5636.25,-0.6
2020-03-11,5597.0,-0.6
2020-03-12,5513.25,-0.6
2020-03-13,5530.75,-0.6
2020-03-16,5355.5,-0.6
2020-03-17,5215.0,-0.9
2020-03-18,4830.0,-0.9
2020-03-19,4905.0,-0.9
2020-03-20,4890.0,-0.9
2020-03-23,4711.0,-0.9
2020-03-24,4890.0,-0.9
2020-03-25,4926.75,-0.9
2020-03-26,4875.75,-0.9
2020-03-27,4860.5,-0.9
2020-03-30,4837.5,-0.9
2020-03-31,5020.5,-0.9
2020-04-01,4876.25,-0.9
2020-04-02,4969.75,-0.9
2020-04-03,4907.25,-0.9
2020-04-06,4949.25,-0.9
2020-04-07,5105.5,-0.9
2020-04-08,5069.75,-0.9
2020-04-09,5085.25,-0.9
2020-04-10,5085.25,-0.9
2020-04-13,5085.25,-0.9
2020-04-14,5218.75,0.0
2020-04-15,5171.5,0.9
2020-04-16,5202.75,0.9
2020-04-17,5269.0,0.9
2020-04-20,5245.5,0.9
2020-04-21,5098.5,0.9
2020-04-22,5194.0,0.9
2020-04-23,5229.25,0.9
2020-04-24,5210.75,0.9
2020-04-27,5266.0,0.9
2020-04-28,5291.75,0.9
2020-04-29,5329.75,0.9
2020-04-30,5257.25,0.9
2020-05-01,5185.0,0.9
2020-05-04,5198.0,0.9
2020-05-05,5233.0,0.9
2020-05-06,5275.75,0.9
2020-05-07,5353.0,0.9
2020-05-08,5353.0,0.9
2020-05-11,5338.25,0.9
2020-05-12,5335.5,0.9
2020-05-13,5305.0,0.9
2020-05-14,5286.5,0.9
2020-05-15,5264.25,0.0
2020-05-18,5393.25,0.9
2020-05-19,5430.0,0.9
2020-05-20,5515.25,0.9
2020-05-21,5467.25,0.9
2020-05-22,5365.0,0.9
2020-05-25,5365.0,0.9
2020-05-26,5438.25,0.9
2020-05-27,5334.5,0.0
2020-05-28,5407.0,0.9
2020-05-29,5448.0,0.9
2020-06-01,5560.25,0.9
2020-06-02,5602.5,0.9
2020-06-03,5597.5,0.9
2020-06-04,5601.5,0.9
2020-06-05,5757.25,0.9
2020-06-08,5765.25,0.9
2020-06-09,5836.0,0.9
2020-06-10,5963.5,0.9
2020-06-11,5827.25,0.9
2020-06-12,5842.25,0.9
2020-06-15,5769.0,0.9
2020-06-16,5788.75,0.9
2020-06-17,5828.5,0.9
2020-06-18,5857.5,0.9
2020-06-19,5897.25,0.9
2020-06-22,5926.75,0.9
2020-06-23,5950.75,0.6
2020-06-24,5901.5,0.6
2020-06-25,5933.5,0.6
2020-06-26,5983.75,0.6
2020-06-29,5994.5,0.6
2020-06-30,6045.75,0.6
2020-07-01,6090.0,0.6
2020-07-02,6102.5,0.6
2020-07-03,6041.75,0.6
2020-07-06,6133.5,0.6
2020-07-07,6196.75,0.6
2020-07-08,6225.0,0.6
2020-07-09,6300.25,0.6
2020-07-10,6399.5,0.6
2020-07-13,6538.75,0.6
2020-07-14,6486.0,0.6
2020-07-15,6379.25,0.6
2020-07-16,6423.0,0.6
2020-07-17,6434.5,0.6
2020-07-20,6478.25,0.6
2020-07-21,6518.75,0.6
2020-07-22,6466.0,0.6
2020-07-23,6507.75,0.6
2020-07-24,6388.25,0.6
2020-07-27,6412.25,0.6
2020-07-28,6462.0,0.6
2020-07-29,6466.25,0.6
2020-07-30,6421.25,0.6
2020-07-31,6403.75,0.6
2020-08-03,6485.75,0.6
2020-08-04,6462.5,0.6
2020-08-05,6497.5,0.6
2020-08-06,6485.75,0.6
2020-08-07,6320.5,-0.6
2020-08-10,6406.5,-0.6
2020-08-11,6398.5,-0.6
2020-08-12,6443.5,0.6
2020-08-13,6273.0,-0.6
2020-08-14,6379.0,-0.6
2020-08-17,6462.5,-0.6
2020-08-18,6565.75,0.0
2020-08-19,6679.75,0.6
2020-08-20,6602.95,0.6
2020-08-21,6488.0,0.6
2020-08-24,6516.5,0.6
2020-08-25,6521.25,0.6
2020-08-26,6586.25,0.6
2020-08-27,6612.25,0.6
2020-08-28,6651.75,0.6
2020-08-31,6651.75,0.6
2020-09-01,6675.25,0.6
2020-09-02,6693.0,0.6
2020-09-03,6559.0,0.6
2020-09-04,6692.0,0.6
2020-09-07,6763.5,0.6
2020-09-08,6646.5,0.6
2020-09-09,6715.75,0.6
2020-09-10,6651.25,0.6
2020-09-11,6714.75,0.6
2020-09-14,6774.0,0.6
2020-09-15,6740.75,0.6
2020-09-16,6750.0,0.6
2020-09-17,6756.5,0.6
2020-09-18,6789.0,0.6
2020-09-21,6670.5,0.6
2020-09-22,6760.0,0.6
2020-09-23,6590.75,0.0
2020-09-24,6519.75,-0.6
2020-09-25,6552.55,-0.6
2020-09-28,6587.75,-0.6
2020-09-29,6588.75,-0.6
2020-09-30,6682.75,0.0
2020-10-01,6403.5,-0.6
2020-10-02,6562.5,-0.6
2020-10-05,6547.5,-0.6
2020-10-06,6562.75,-0.6
2020-10-07,6706.5,0.0
2020-10-08,6698.0,0.0
2020-10-09,6778.5,0.0
2020-10-12,6761.5,0.0
2020-10-13,6719.75,0.0
2020-10-14,6745.5,0.0
2020-10-15,6766.0,0.0
2020-10-16,6755.0,0.0
2020-10-19,6795.0,0.6
2020-10-20,6906.25,0.6
2020-10-21,6988.75,0.6
2020-10-22,6925.5,0.6
2020-10-23,6876.75,0.6
2020-10-26,6795.0,0.6
2020-10-27,6811.0,0.6
2020-10-28,6762.5,0.6
2020-10-29,6742.5,0.6
2020-10-30,6730.75,0.6
2020-11-02,6774.0,0.6
2020-11-03,6819.0,0.6
2020-11-04,6849.5,0.6
2020-11-05,6862.5,0.6
2020-11-06,6960.0,0.6
2020-11-09,6926.5,0.6
2020-11-10,6945.0,0.6
2020-11-11,6892.25,0.6
2020-11-12,6941.75,0.6
2020-11-13,6992.25,0.6
2020-11-16,7111.75,0.6
2020-11-17,7076.5,0.6
2020-11-18,7098.0,0.6
2020-11-19,7095.0,0.6
2020-11-20,7273.5,0.6
2020-11-23,7180.5,0.6
2020-11-24,7294.0,0.6
2020-11-25,7306.0,0.6
2020-11-26,7398.75,0.6
2020-11-27,7487.0,0.6
2020-11-30,7563.25,0.6
2020-12-01,7671.0,0.6
2020-12-02,7636.0,0.6
2020-12-03,7638.0,0.6
2020-12-04,7725.75,0.6
2020-12-07,7685.0,0.6
2020-12-08,7680.5,0.6
2020-12-09,7688.5,0.6
2020-12-10,7820.5,0.6
2020-12-11,7734.5,0.6
2020-12-14,7724.5,0.6
2020-12-15,7747.25,0.6
2020-12-16,7796.0,0.6
2020-12-17,7871.25,0.6
2020-12-18,7936.0,0.6
2020-12-21,7810.0,0.6
2020-12-22,7709.75,1.3
2020-12-23,7811.0,1.3
2020-12-24,7756.75,1.3
2020-12-25,7756.75,1.3
2020-12-28,7756.75,1.3
2020-12-29,7829.5,1.3
2020-12-30,7822.0,1.3
2020-12-31,7738.75,1.3
2021-01-01,7738.75,0.0
2021-01-04,7819.5,1.3
2021-01-05,7947.5,1.3
2021-01-06,7980.5,1.3
2021-01-07,8110.0,1.3
2021-01-08,8069.25,1.3
2021-01-11,7805.5,1.3
2021-01-12,7909.75,1.3
2021-01-13,7948.0,1.3
2021-01-14,7978.5,1.3
2021-01-15,7886.0,0.0
2021-01-18,7898.25,1.3
2021-01-19,7868.25,1.3
2021-01-20,7962.5,1.3
2021-01-21,7945.75,1.3
2021-01-22,7922.25,1.3
2021-01-25,7895.75,1.3
2021-01-26,7937.5,1.3
2021-01-27,7758.5,0.0
2021-01-28,7791.0,0.0
2021-01-29,7774.5,0.0
2021-02-01,7718.5,-1.3
2021-02-02,7693.75,-1.3
2021-02-03,7746.75,-1.3
2021-02-04,7734.5,-1.3
2021-02-05,7795.0,-1.3
2021-02-08,7897.0,1.3
2021-02-09,7997.5,1.3
2021-02-10,8156.75,1.3
2021-02-11,8146.5,1.3
2021-02-12,8165.0,1.3
2021-02-15,8212.5,1.3
2021-02-16,8232.5,1.3
2021-02-17,8225.5,1.3
2021-02-18,8373.0,1.3
2021-02-19,8714.0,1.3
2021-02-22,8922.25,1.3
2021-02-23,9032.0,0.6
2021-02-24,9127.5,0.6
2021-02-25,9242.5,0.6
2021-02-26,8939.0,0.6
2021-03-01,8889.0,0.6
2021-03-02,8978.5,0.6
2021-03-03,8933.5,0.6
2021-03-04,8735.75,0.6
2021-03-05,8729.5,0.6
2021-03-08,8830.5,0.6
2021-03-09,8613.5,0.6
2021-03-10,8704.0,0.6
2021-03-11,8952.0,0.6
2021-03-12,8941.5,0.6
2021-03-15,8997.0,0.6
2021-03-16,8833.5,0.6
2021-03-17,8930.75,0.6
2021-03-18,8913.5,0.6
2021-03-19,8895.5,0.6
2021-03-22,8961.5,0.6
2021-03-23,8853.25,-0.6
2021-03-24,8864.0,-0.6
2021-03-25,8657.0,-0.6
2021-03-26,8834.0,-0.6
2021-03-29,8743.25,-0.6
2021-03-30,8664.0,-0.9
2021-03-31,8675.5,-0.9
2021-04-01,8668.75,-0.9
2021-04-02,8668.75,-0.9
2021-04-05,8668.75,-0.9
2021-04-06,8920.5,0.9
2021-04-07,8806.5,0.9
2021-04-08,8902.0,0.0
2021-04-09,8820.25,-0.9
2021-04-12,8768.25,-0.9
2021-04-13,8808.0,-0.9
2021-04-14,8968.0,0.0
2021-04-15,9157.75,0.9
2021-04-16,9100.0,0.9
2021-04-19,9278.75,0.9
2021-04-20,9223.0,0.9
2021-04-21,9334.0,0.9
2021-04-22,9294.75,0.9
2021-04-23,9436.75,0.9
2021-04-26,9623.5,0.9
2021-04-27,9736.0,0.9
2021-04-28,9745.0,0.9
2021-04-29,9757.0,0.9
2021-04-30,9704.0,0.9
2021-05-03,9704.0,0.9
2021-05-04,9840.0,0.9
2021-05-05,9830.0,0.9
2021-05-06,9950.5,0.9
2021-05-07,10257.5,0.9
2021-05-10,10246.75,0.9
2021-05-11,10348.0,0.9
2021-05-12,10338.0,0.9
2021-05-13,10244.75,0.9
2021-05-14,10189.0,0.9
2021-05-17,10306.75,0.9
2021-05-18,10325.5,0.9
2021-05-19,9956.0,0.9
2021-05-20,9997.0,0.9
2021-05-21,9835.5,0.9
2021-05-24,9906.5,0.9
2021-05-25,9876.0,0.9
2021-05-26,9935.5,0.9
2021-05-27,10175.0,0.9
2021-05-28,10219.75,0.9
2021-05-31,10219.75,0.9
2021-06-01,10204.5,0.6
2021-06-02,10119.5,0.6
2021-06-03,9783.5,-0.6
2021-06-04,9938.5,-0.6
2021-06-07,9906.5,-0.6
2021-06-08,9954.0,-0.6
2021-06-09,9964.25,-0.6
2021-06-10,9887.0,-0.6
2021-06-11,9987.25,-0.6
2021-06-14,9961.25,-0.6
2021-06-15,9571.5,-0.9
2021-06-16,9669.75,-0.9
2021-06-17,9325.25,-0.9
2021-06-18,9153.0,-0.9
2021-06-21,9167.0,-0.9
2021-06-22,9294.0,-0.9
2021-06-23,9491.0,-0.9
2021-06-24,9425.0,-0.9
2021-06-25,9414.0,-0.9
2021-06-28,9386.5,-0.9
2021-06-29,9309.0,-0.9
2021-06-30,9337.5,-0.9
2021-07-01,9310.0,-0.9
2021-07-02,9370.5,-0.9
2021-07-05,9497.45,-0.9
2021-07-06,9297.49,-0.9
2021-07-07,9461.55,-0.9
2021-07-08,9347.0,-0.9
2021-07-09,9533.0,-0.9
2021-07-12,9410.5,-0.9
2021-07-13,9418.0,-0.9
2021-07-14,9359.5,-0.9
2021-07-15,9495.75,0.9
2021-07-16,9430.75,0.9
2021-07-19,9238.0,0.9
2021-07-20,9353.25,0.9
2021-07-21,9358.0,-0.9
2021-07-22,9443.5,0.0
2021-07-23,9506.0,0.0
2021-07-26,9784.5,0.9
2021-07-27,9735.0,0.9
2021-07-28,9687.0,0.9
2021-07-29,9814.5,0.9
2021-07-30,9730.25,0.9
2021-08-02,9705.45,0.9
2021-08-03,9559.5,0.9
2021-08-04,9481.0,0.9
2021-08-05,9498.51,0.9
2021-08-06,9470.5,0.0
2021-08-09,9376.5,0.0
2021-08-10,9520.75,0.9
2021-08-11,9517.75,0.9
2021-08-12,9477.0,0.0
2021-08-13,9570.5,0.9
2021-08-16,9444.5,0.9
2021-08-17,9255.25,-0.6
2021-08-18,9055.25,-0.6
2021-08-19,8894.5,-0.6
2021-08-20,9017.5,-0.6
2021-08-23,9245.0,-0.6
2021-08-24,9360.0,-0.9
2021-08-25,9341.5,-0.9
2021-08-26,9275.5,-0.9
2021-08-27,9378.0,-0.9
2021-08-30,9378.0,-0.9
2021-08-31,9470.25,-0.6
2021-09-01,9301.5,-0.6
2021-09-02,9332.5,-0.6
2021-09-03,9372.0,-0.6
2021-09-06,9375.75,0.0
2021-09-07,9311.65,-0.6
2021-09-08,9209.75,-0.6
2021-09-09,9337.0,-0.6
2021-09-10,9608.5,0.0
2021-09-13,9486.0,0.0
2021-09-14,9375.0,0.6
2021-09-15,9557.0,0.6
2021-09-16,9307.5,0.6
2021-09-17,9239.0,0.6
2021-09-20,8975.5,-0.6
2021-09-21,8906.25,-0.6
2021-09-22,9210.75,-0.6
2021-09-23,9212.02,-0.6
2021-09-24,9259.25,-0.6
2021-09-27,9303.0,-0.6
2021-09-28,9213.1,-0.9
2021-09-29,9093.6,-0.9
2021-09-30,8880.25,-0.9
2021-10-01,9040.5,-0.9
2021-10-04,9154.5,-0.9
2021-10-05,9084.0,-0.9
2021-10-06,8952.25,-0.9
2021-10-07,9181.75,-0.9
2021-10-08,9267.0,-0.9
2021-10-11,9435.0,-0.9
2021-10-12,9349.0,-0.9
2021-10-13,9506.5,-0.9
2021-10-14,9813.0,0.9
2021-10-15,10096.0,0.9
2021-10-18,10009.0,0.9
2021-10-19,9968.5,0.9
2021-10-20,9980.5,0.9
2021-10-21,9631.5,0.9
2021-10-22,9523.0,0.9
2021-10-25,9718.75,0.9
2021-10-26,9700.5,0.9
2021-10-27,9473.0,0.9
2021-10-28,9560.5,0.9
2021-10-29,9358.5,0.9
2021-11-01,9383.5,0.9
2021-11-02,9357.5,0.9
2021-11-03,9336.5,0.9
2021-11-04,9307.5,0.9
2021-11-05,9360.5,0.9
2021-11-08,9429.5,0.0
2021-11-09,9401.5,0.0
2021-11-10,9421.0,0.0
2021-11-11,9516.5,-0.9
2021-11-12,9606.5,-0.9
2021-11-15,9584.5,-0.9
2021-11-16,9490.75,-0.9
2021-11-17,9351.5,-0.9
2021-11-18,9345.5,-0.9
2021-11-19,9530.5,0.0
2021-11-22,9609.0,-0.9
2021-11-23,9597.5,-0.9
2021-11-24,9731.5,0.9
2021-11-25,9687.0,0.9
2021-11-26,9350.0,0.0
2021-11-29,9473.5,0.0
2021-11-30,9332.5,0.0
2021-12-01,9321.0,0.0
2021-12-02,9326.0,0.0
2021-12-03,9249.0,-0.9
2021-12-06,9275.0,-0.9
2021-12-07,9390.0,0.0
2021-12-08,9470.25,0.0
2021-12-09,9367.5,-0.9
2021-12-10,9348.0,-0.9
2021-12-13,9308.5,-0.9
2021-12-14,9262.5,-0.9
2021-12-15,9004.0,-0.9
2021-12-16,9326.5,-0.9
2021-12-17,9267.5,-0.9
2021-12-20,9272.0,-0.9
2021-12-21,9340.0,-0.9
2021-12-22,9398.0,-0.9
2021-12-23,9420.0,-0.9
2021-12-24,9381.5,0.0
2021-12-27,9381.5,0.0
2021-12-28,9381.5,0.0
2021-12-29,9493.5,0.6
2021-12-30,9519.0,0.6
2021-12-31,9546.5,0.6
2022-01-03,9546.5,0.6
2022-01-04,9583.0,1.3
2022-01-05,9545.25,1.3
2022-01-06,9398.0,1.3
2022-01-07,9497.0,1.3
2022-01-10,9451.0,1.3
2022-01-11,9584.5,1.3
2022-01-12,9887.0,1.3
2022-01-13,9790.5,1.3
2022-01-14,9561.25,1.3
2022-01-17,9578.0,1.3
2022-01-18,9529.0,1.3
2022-01-19,9686.25,1.3
2022-01-20,9806.0,1.3
2022-01-21,9732.0,1.3
2022-01-24,9547.5,1.3
2022-01-25,9618.25,1.3
2022-01-26,9721.5,1.3
2022-01-27,9593.25,1.3
2022-01-28,9334.75,-1.3
2022-01-31,9334.75,-1.3
2022-02-01,9512.25,-1.3
2022-02-02,9629.5,0.0
2022-02-03,9631.25,1.3
2022-02-04,9649.05,1.3
2022-02-07,9586.5,1.3
2022-02-08,9566.0,0.0
2022-02-09,9765.0,-1.3
2022-02-10,10000.5,1.3
2022-02-11,9656.75,1.3
2022-02-14,9690.25,1.3
2022-02-15,9752.5,0.6
2022-02-16,9782.5,0.6
2022-02-17,9699.0,-0.6
2022-02-18,9732.0,0.0
2022-02-21,9685.5,0.6
2022-02-22,9704.0,1.3
2022-02-23,9672.0,0.0
2022-02-24,9667.0,0.0
2022-02-25,9703.0,1.3
2022-02-28,9752.5,1.3
2022-03-01,9954.5,1.3
2022-03-02,10052.0,1.3
2022-03-03,10199.5,1.3
2022-03-04,10513.5,1.3
2022-03-07,10221.5,1.3
2022-03-08,10230.0,0.6
2022-03-09,9981.0,0.6
2022-03-10,10044.0,0.6
2022-03-11,10132.5,0.6
2022-03-14,9905.75,0.6
2022-03-15,9865.5,1.3
2022-03-16,9969.5,1.3
2022-03-17,10144.0,1.3
2022-03-18,10215.5,1.3
2022-03-21,10205.0,1.3
2022-03-22,10202.0,1.3
2022-03-23,10356.5,1.3
2022-03-24,10319.75,1.3
2022-03-25,10237.0,1.3
2022-03-28,10281.5,1.3
2022-03-29,10242.0,1.3
2022-03-30,10285.0,1.3
2022-03-31,10307.75,1.3
2022-04-01,10294.25,-1.3
2022-04-04,10423.5,1.3
2022-04-05,10433.75,1.3
2022-04-06,10284.0,1.3
2022-04-07,10308.0,1.3
2022-04-08,10311.0,1.3
2022-04-11,10199.0,1.3
2022-04-12,10324.25,1.3
2022-04-13,10281.0,1.3
2022-04-14,10288.75,1.3
2022-04-15,10288.75,1.3
2022-04-18,10288.75,1.3
2022-04-19,10297.5,1.3
2022-04-20,10218.75,-1.3
2022-04-21,10283.5,-1.3
2022-04-22,10110.0,-1.3
2022-04-25,9770.0,-1.3
2022-04-26,9849.0,-1.3
2022-04-27,9838.75,-1.3
2022-04-28,9687.0,-1.3
2022-04-29,9771.25,-1.3
2022-05-02,9771.25,-1.3
2022-05-03,9402.75,-1.3
2022-05-04,9460.0,-1.3
2022-05-05,9456.5,-1.3
2022-05-06,9403.0,-1.3
2022-05-09,9224.43,-1.3
2022-05-10,9211.0,-1.3
2022-05-11,9309.0,-1.3
2022-05-12,9065.75,-1.3
2022-05-13,9128.0,-1.3
2022-05-16,9215.25,-1.3
2022-05-17,9336.0,-1.3
2022-05-18,9211.0,-1.3
2022-05-19,9378.0,-1.3
2022-05-20,9384.0,-1.3
2022-05-23,9520.5,-1.3
2022-05-24,9435.0,-1.3
2022-05-25,9373.25,-1.3
2022-05-26,9358.0,-1.3
2022-05-27,9455.5,-1.3
2022-05-30,9531.0,-1.3
2022-05-31,9435.0,0.0
2022-06-01,9481.5,0.0
2022-06-02,9481.5,0.0
2022-06-03,9481.5,0.0
2022-06-06,9723.0,1.3
2022-06-07,9687.5,1.3
2022-06-08,9697.75,1.3
2022-06-09,9599.95,1.3
2022-06-10,9444.25,1.3
2022-06-13,9300.25,1.3
2022-06-14,9244.75,0.0
2022-06-15,9230.75,0.0
2022-06-16,9076.5,-1.3
2022-06-17,8961.25,-1.3
2022-06-20,8968.5,-1.3
2022-06-21,8991.99,-1.3
2022-06-22,8772.5,-1.3
2022-06-23,8417.5,-1.3
2022-06-24,8382.0,-1.3
2022-06-27,8417.5,-1.3
2022-06-28,8365.25,-1.3
2022-06-29,8394.5,-1.3
2022-06-30,8253.75,-1.3
2022-07-01,8045.0,-1.3
2022-07-04,8008.0,-1.3
2022-07-05,7686.0,-0.6
2022-07-06,7547.25,-0.6
2022-07-07,7824.0,-0.6
2022-07-08,7816.5,-0.6
2022-07-11,7594.5,-0.6
2022-07-12,7367.75,-0.9
2022-07-13,7325.0,-0.9
2022-07-14,7170.75,-0.9
2022-07-15,7193.0,-0.9
2022-07-18,7434.0,-0.9
2022-07-19,7297.25,-0.9
2022-07-20,7395.75,-0.9
2022-07-21,7344.5,-0.9
2022-07-22,7463.75,-0.9
2022-07-25,7485.0,-0.9
2022-07-26,7540.0,-0.9
2022-07-27,7625.25,-0.9
2022-07-28,7744.75,-0.9
2022-07-29,7893.25,-0.9
2022-08-01,7801.5,-0.9
2022-08-02,7800.0,0.9
2022-08-03,7684.5,0.9
2022-08-04,7738.75,-0.9
2022-08-05,7877.75,0.0
2022-08-08,7965.25,0.9
2022-08-09,7963.0,0.9
2022-08-10,8059.48,0.9
2022-08-11,8146.0,0.9
2022-08-12,8071.0,0.9
2022-08-15,7963.25,0.9
2022-08-16,7966.25,0.9
2022-08-17,7908.75,0.9
2022-08-18,7990.5,0.9
2022-08-19,8024.0,0.9
2022-08-22,7955.25,0.9
2022-08-23,8058.0,0.9
2022-08-24,7990.25,0.9
2022-08-25,8072.75,0.9
2022-08-26,8117.0,0.9
2022-08-29,8117.0,0.9
2022-08-30,7825.0,0.9
2022-08-31,7749.0,0.9
2022-09-01,7549.0,-0.9
2022-09-02,7584.0,-0.9
2022-09-05,7594.5,-0.9
2022-09-06,7623.0,-0.9
2022-09-07,7566.0,-0.9
2022-09-08,7740.0,-0.9
2022-09-09,7790.0,-0.9
2022-09-12,7867.5,-0.9
2022-09-13,7786.0,-0.9
2022-09-14,7727.0,-0.9
2022-09-15,7661.5,-0.9
2022-09-16,7682.0,-0.9
2022-09-19,7676.0,-0.9
2022-09-20,7691.0,-0.6
2022-09-21,7637.0,-0.6
2022-09-22,7639.0,-0.6
2022-09-23,7416.0,-0.6
2022-09-26,7327.0,-0.6
2022-09-27,7337.5,-0.6
2022-09-28,7399.5,-0.6
2022-09-29,7480.0,-0.6
2022-09-30,7472.5,-0.6
2022-10-03,7434.0,-0.6
2022-10-04,7648.5,0.0
2022-10-05,7636.5,0.0
2022-10-06,7583.0,-0.6
2022-10-07,7422.0,-0.6
2022-10-10,7529.75,-0.6
2022-10-11,7534.5,-1.3
2022-10-12,7469.0,-1.3
2022-10-13,7476.0,-1.3
2022-10-14,7415.0,-1.3
2022-10-17,7466.5,-1.3
2022-10-18,7342.0,-1.3
2022-10-19,7310.5,-1.3
2022-10-20,7475.5,-1.3
2022-10-21,7535.25,1.3
2022-10-24,7456.0,1.3
2022-10-25,7428.25,1.3
2022-10-26,7703.0,1.3
2022-10-27,7690.25,1.3
2022-10-28,7485.0,0.0
2022-10-31,7381.0,0.0
2022-11-01,7591.5,0.0
2022-11-02,7588.75,0.0
2022-11-03,7509.5,0.0
2022-11-04,8038.5,0.6
2022-11-07,7882.25,0.6
2022-11-08,8077.0,0.9
2022-11-09,8057.0,0.9
2022-11-10,8226.5,0.9
2022-11-11,8435.0,0.9
2022-11-14,8336.0,0.9
2022-11-15,8344.25,0.9
2022-11-16,8271.5,0.9
2022-11-17,8105.0,0.9
2022-11-18,8063.0,0.9
2022-11-21,7875.5,0.9
2022-11-22,8004.0,0.9
2022-11-23,7994.5,0.9
2022-11-24,8030.0,0.9
2022-11-25,7997.0,0.9
2022-11-28,7941.0,0.9
2022-11-29,8006.5,0.9
2022-11-30,8201.0,0.9
2022-12-01,8310.25,0.9
2022-12-02,8405.0,0.9
2022-12-05,8370.25,0.9
2022-12-06,8398.0,0.9
2022-12-07,8417.0,0.9
2022-12-08,8486.0,0.9
2022-12-09,8522.0,0.9
2022-12-12,8371.5,0.9
2022-12-13,8478.0,0.9
2022-12-14,8485.5,0.9
2022-12-15,8272.5,0.9
2022-12-16,8255.25,0.9
2022-12-19,8307.5,0.9
2022-12-20,8342.0,0.9
2022-12-21,8380.5,0.9
2022-12-22,8298.0,0.9
2022-12-23,8337.5,0.9
2022-12-26,8337.5,0.9
2022-12-27,8337.5,0.9
2022-12-28,8427.0,0.9
2022-12-29,8395.0,0.9
2022-12-30,8338.25,0.0
2023-01-02,8338.25,0.0
2023-01-03,8309.5,-0.9
2023-01-04,8245.0,-0.9
2023-01-05,8355.25,-0.9
2023-01-06,8564.15,0.0
2023-01-09,8841.25,0.9
2023-01-10,8902.5,0.9
2023-01-11,9098.0,0.9
2023-01-12,9168.0,0.9
2023-01-13,9162.0,0.9
2023-01-16,9074.75,0.9
2023-01-17,9239.5,0.9
2023-01-18,9267.75,0.9
2023-01-19,9245.25,0.9
2023-01-20,9265.5,0.9
2023-01-23,9306.25,0.9
2023-01-24,9277.75,0.6
2023-01-25,9287.5,0.6
2023-01-26,9293.5,0.6
2023-01-27,9228.75,0.6
2023-01-30,9175.5,0.6
2023-01-31,9176.75,0.6
2023-02-01,9036.5,0.6
2023-02-02,9018.5,0.6
2023-02-03,8965.24,0.6
2023-02-06,8862.25,0.6
2023-02-07,8905.75,0.0
2023-02-08,8863.5,-1.3
2023-02-09,8952.75,-1.3
2023-02-10,8841.25,-1.3
2023-02-13,8920.25,-1.3
2023-02-14,8921.0,-1.3
2023-02-15,8837.5,-1.3
2023-02-16,8991.45,-1.3
2023-02-17,8958.5,-1.3
2023-02-20,9108.5,-1.3
2023-02-21,9163.25,-1.3
2023-02-22,9077.5,-1.3
2023-02-23,8877.75,-1.3
2023-02-24,8702.75,-1.3
2023-02-27,8773.25,-1.3
2023-02-28,8927.5,-1.3
2023-03-01,9048.5,0.0
2023-03-02,8916.5,-1.3
2023-03-03,8948.25,0.0
2023-03-06,8891.5,0.0
2023-03-07,8751.5,-1.3
2023-03-08,8896.75,0.0
2023-03-09,8835.75,-1.3
2023-03-10,8850.5,0.0
2023-03-13,8912.0,0.0
2023-03-14,8819.0,-1.3
2023-03-15,8502.0,-1.3
2023-03-16,8521.53,-1.3
2023-03-17,8570.45,-1.3
2023-03-20,8682.5,-1.3
2023-03-21,8728.0,-1.3
2023-03-22,8852.0,-1.3
2023-03-23,8990.25,1.3
2023-03-24,8890.75,1.3
2023-03-27,8940.5,1.3
2023-03-28,8950.0,1.3
2023-03-29,8969.0,0.0
2023-03-30,8976.75,0.0
2023-03-31,8969.0,0.0
2023-04-03,8900.25,0.0
2023-04-04,8740.75,0.0
2023-04-05,8761.7,-1.3
2023-04-06,8774.75,-1.3
2023-04-07,8774.75,-1.3
2023-04-10,8774.75,-1.3
2023-04-11,8824.5,0.0
2023-04-12,8876.8,1.3
2023-04-13,9006.5,1.3
2023-04-14,8979.75,1.3
2023-04-17,8928.25,1.3
2023-04-18,8976.25,1.3
2023-04-19,8935.75,1.3
2023-04-20,8856.25,-1.3
2023-04-21,8776.0,-1.3
2023-04-24,8719.0,-1.3
2023-04-25,8529.0,-1.3
2023-04-26,8556.25,-1.3
2023-04-27,8591.0,-1.3
2023-04-28,8600.0,-1.3
2023-05-01,8600.0,-1.3
2023-05-02,8525.2,-1.3
2023-05-03,8489.25,-1.3
2023-05-04,8510.97,-1.3
2023-05-05,8603.25,-1.3
2023-05-08,8603.25,-1.3
2023-05-09,8627.0,-1.3
2023-05-10,8522.5,-1.3
2023-05-11,8219.5,-1.3
2023-05-12,8300.51,-1.3
2023-05-15,8326.75,-1.3
2023-05-16,8182.5,-1.3
2023-05-17,8354.0,-1.3
2023-05-18,8250.25,-1.3
2023-05-19,8326.5,-1.3
2023-05-22,8219.03,-1.3
2023-05-23,8201.25,-1.3
2023-05-24,7991.0,-1.3
2023-05-25,8036.75,-1.3
2023-05-26,8197.0,-1.3
2023-05-29,8197.0,-1.3
2023-05-30,8181.35,-1.3
2023-05-31,8143.5,-1.3
2023-06-01,8287.5,-1.3
2023-06-02,8279.25,-1.3
2023-06-05,8364.25,-1.3
2023-06-06,8356.01,-1.3
2023-06-07,8308.75,-1.3
2023-06-08,8363.75,1.3
2023-06-09,8387.0,1.3
2023-06-12,8332.0,0.0
2023-06-13,8462.0,1.3
2023-06-14,8505.2,1.3
2023-06-15,8552.75,1.3
2023-06-16,8565.5,1.3
2023-06-19,8525.6,1.3
2023-06-20,8539.5,1.3
2023-06-21,8576.75,1.3
2023-06-22,8559.0,1.3
2023-06-23,8373.24,1.3
2023-06-26,8370.75,1.3
2023-06-27,8355.25,1.3
2023-06-28,8254.0,1.3
2023-06-29,8179.5,-1.3
2023-06-30,8313.25,0.0
2023-07-03,8402.5,0.0
2023-07-04,8367.25,0.0
2023-07-05,8332.5,0.0
2023-07-06,8281.0,0.0
2023-07-07,8386.25,0.0
2023-07-10,8397.25,0.0
2023-07-11,8347.0,-1.3
2023-07-12,8510.5,0.0
2023-07-13,8698.0,1.3
2023-07-14,8686.5,1.3
2023-07-17,8511.25,0.0
2023-07-18,8504.0,0.0
2023-07-19,8461.75,-1.3
2023-07-20,8519.25,-1.3
2023-07-21,8491.25,1.3
2023-07-24,8553.75,1.3
2023-07-25,8705.25,1.3
2023-07-26,8656.25,1.3
2023-07-27,8615.0,1.3
2023-07-28,8708.25,1.3
2023-07-31,8864.0,1.3
2023-08-01,8673.0,0.6
2023-08-02,8567.75,0.6
2023-08-03,8677.0,0.6
2023-08-04,8652.0,0.6
2023-08-07,8571.5,0.6
2023-08-08,8433.0,1.3
2023-08-09,8466.75,0.0
2023-08-10,8467.0,-1.3
2023-08-11,8378.75,-1.3
2023-08-14,8376.25,-1.3
2023-08-15,8293.75,-1.3
2023-08-16,8266.5,-1.3
2023-08-17,8326.5,-1.3
2023-08-18,8315.5,-1.3
2023-08-21,8351.5,-1.3
2023-08-22,8435.25,-1.3
2023-08-23,8518.5,-1.3
2023-08-24,8431.0,-1.3
2023-08-25,8440.25,-1.3
2023-08-28,8440.25,-1.3
2023-08-29,8538.0,-1.3
2023-08-30,8557.8,0.0
2023-08-31,8507.5,-1.3
2023-09-01,8586.0,-1.3
2023-09-04,8535.0,-1.3
2023-09-05,8566.51,1.3
2023-09-06,8453.25,0.0
2023-09-07,8410.5,0.0
2023-09-08,8329.2,0.0
2023-09-11,8476.5,1.3
2023-09-12,8468.75,1.3
2023-09-13,8485.0,1.3
2023-09-14,8492.5,1.3
2023-09-15,8495.75,1.3
2023-09-18,8462.75,1.3
2023-09-19,8398.75,0.0
2023-09-20,8450.5,0.0
2023-09-21,8320.25,-1.3
2023-09-22,8373.25,-1.3
2023-09-25,8334.5,-1.3
2023-09-26,8266.75,-1.3
2023-09-27,8276.25,-1.3
2023-09-28,8360.5,-1.3
2023-09-29,8430.0,-1.3
2023-10-02,8232.75,-1.3
2023-10-03,8180.0,-1.3
2023-10-04,8142.5,-1.3
2023-10-05,8122.0,-1.3
2023-10-06,8245.0,-1.3
2023-10-09,8308.5,-1.3
2023-10-10,8244.0,-1.3
2023-10-11,8258.0,-1.3
2023-10-12,8229.75,-1.3
2023-10-13,8182.24,-1.3
2023-10-16,8206.0,-1.3
2023-10-17,8197.5,-1.3
2023-10-18,8187.0,-1.3
2023-10-19,8190.5,-1.3
2023-10-20,8152.01,-1.3
2023-10-23,8172.25,-1.3
2023-10-24,8237.75,-1.3
2023-10-25,8230.5,-1.3
2023-10-26,8187.75,-1.3
2023-10-27,8299.5,-1.3
2023-10-30,8338.25,1.3
2023-10-31,8329.5,1.3
2023-11-01,8342.55,1.3
2023-11-02,8378.5,1.3
2023-11-03,8420.5,1.3
2023-11-06,8481.75,1.3
2023-11-07,8459.0,1.3
2023-11-08,8447.0,1.3
2023-11-09,8421.0,1.3
2023-11-10,8319.5,1.3
2023-11-13,8436.25,1.3
2023-11-14,8489.5,1.3
2023-11-15,8525.5,1.3
2023-11-16,8491.75,1.3
2023-11-17,8541.25,1.3
2023-11-20,8674.5,1.3
2023-11-21,8702.75,1.3
2023-11-22,8621.25,1.3
2023-11-23,8675.75,1.3
2023-11-24,8694.25,1.3
2023-11-27,8632.25,1.3
2023-11-28,8713.0,1.3
2023-11-29,8645.5,1.3
2023-11-30,8688.25,1.3
2023-12-01,8826.24,1.3
2023-12-04,8675.75,1.3
2023-12-05,8558.25,1.3
2023-12-06,8497.0,1.3
2023-12-07,8548.5,1.3
2023-12-08,8642.0,1.3
2023-12-11,8532.0,1.3
2023-12-12,8532.0,1.3
2023-12-13,8481.76,0.0
2023-12-14,8689.5,1.3
2023-12-15,8679.5,1.3
2023-12-18,8609.25,0.0
2023-12-19,8699.0,0.0
2023-12-20,8687.5,0.0
2023-12-21,8696.5,0.0
2023-12-22,8674.0,0.0
2023-12-25,8674.0,0.0
2023-12-26,8674.0,0.0
2023-12-27,8792.0,1.3
2023-12-28,8722.0,1.3
2023-12-29,8653.5,-1.3
2024-01-01,8653.5,-1.3
2024-01-02,8646.25,1.3
2024-01-03,8617.76,1.3
2024-01-04,8571.0,1.3
2024-01-05,8589.25,0.0
2024-01-08,8595.25,0.0
2024-01-09,8531.0,0.0
2024-01-10,8514.5,0.0
2024-01-11,8490.0,-1.3
2024-01-12,8481.0,-1.3
2024-01-15,8504.25,-1.3
2024-01-16,8459.25,-1.3
2024-01-17,8386.25,-1.3
2024-01-18,8416.0,-1.3
2024-01-19,8445.0,-1.3
2024-01-22,8459.0,-1.3
2024-01-23,8505.0,-1.3
2024-01-24,8667.24,-1.3
2024-01-25,8681.25,-1.3
2024-01-26,8664.99,0.0
2024-01-29,8651.0,0.0
2024-01-30,8709.5,0.0
2024-01-31,8715.5,1.3
2024-02-01,8652.5,1.3
2024-02-02,8612.0,1.3
2024-02-05,8500.0,-1.3
2024-02-06,8532.0,0.0
2024-02-07,8443.5,0.0
2024-02-08,8316.0,-1.3
2024-02-09,8293.5,-1.3
2024-02-12,8366.5,-1.3
2024-02-13,8386.25,-1.3
2024-02-14,8322.0,-1.3
2024-02-15,8425.0,0.0
2024-02-16,8576.75,1.3
2024-02-19,8514.75,1.3
2024-02-20,8560.76,1.3
2024-02-21,8614.0,0.0
2024-02-22,8667.5,0.0
2024-02-23,8658.75,0.0
2024-02-26,8574.0,0.0
2024-02-27,8566.25,-1.3
2024-02-28,8532.75,-1.3
2024-02-29,8573.0,-1.3
2024-03-01,8592.5,-1.3
2024-03-04,8624.0,1.3
2024-03-05,8588.75,1.3
2024-03-06,8669.0,1.3
2024-03-07,8734.26,1.3
2024-03-08,8681.25,1.3
2024-03-11,8750.75,1.3
2024-03-12,8764.25,1.3
2024-03-13,9014.25,1.3
2024-03-14,8988.75,1.3
2024-03-15,9165.75,1.3
2024-03-18,9187.5,1.3
2024-03-19,9094.0,1.3
2024-03-20,9062.69,1.3
2024-03-21,9101.25,1.3
2024-03-22,9015.92,1.3
2024-03-25,9027.71,1.3
2024-03-26,9016.43,1.3
2024-03-27,9013.5,1.3
2024-03-28,9015.5,1.3
2024-03-29,9015.5,1.3
2024-04-01,9015.5,1.3
2024-04-02,9166.2,1.3
2024-04-03,9444.5,1.3
2024-04-04,9542.5,1.3
2024-04-05,9510.64,1.3
2024-04-08,9586.5,1.3
2024-04-09,9599.43,0.6
2024-04-10,9563.74,0.6
2024-04-11,9563.67,0.6
2024-04-12,9646.47,0.6
2024-04-15,9668.5,0.6
2024-04-16,9603.0,0.6
2024-04-17,9712.75,0.6
2024-04-18,9848.0,0.6
2024-04-19,9979.16,0.6
2024-04-22,9938.8,0.6
2024-04-23,9822.29,0.6
2024-04-24,9900.27,0.6
2024-04-25,10015.29,0.6
2024-04-26,10105.28,0.6
2024-04-29,10240.75,0.6
2024-04-30,10119.75,0.6
2024-05-01,10030.51,0.6
2024-05-02,9904.11,0.6
2024-05-03,10050.77,0.6
2024-05-06,10050.77,0.6
2024-05-07,10187.5,0.6
2024-05-08,10062.5,0.6
2024-05-09,10040.51,0.6
2024-05-10,10100.96,0.6
2024-05-13,10281.5,0.6
2024-05-14,10217.25,0.6
2024-05-15,10332.25,0.6
2024-05-16,10522.1,0.6
2024-05-17,10702.0,0.6
2024-05-20,10894.06,0.6
2024-05-21,10917.25,0.6
2024-05-22,10522.5,0.6
2024-05-23,10495.12,0.6
2024-05-24,10426.0,0.6
2024-05-27,10426.0,0.6
2024-05-28,10602.12,0.9
2024-05-29,10584.0,0.9
2024-05-30,10286.0,0.9
2024-05-31,10199.99,0.9
2024-06-03,10279.71,0.9
2024-06-04,10086.67,0.0
2024-06-05,10057.77,0.0
2024-06-06,10259.67,0.9
2024-06-07,9898.75,-0.9
2024-06-10,10040.55,-0.9
2024-06-11,9895.34,-0.9
2024-06-12,10067.75,-0.9
2024-06-13,9927.25,-0.9
2024-06-14,9881.5,-0.9
2024-06-17,9821.62,-0.9
2024-06-18,9866.75,-0.9
2024-06-19,9971.71,-0.9
2024-06-20,10040.86,-0.9
2024-06-21,9890.0,-0.9
2024-06-24,9888.47,-0.9
2024-06-25,9832.25,-0.9
2024-06-26,9757.0,-0.9
2024-06-27,9753.55,-0.9
2024-06-28,9836.19,-0.9
2024-07-01,9862.06,-0.9
2024-07-02,9900.69,-0.9
2024-07-03,10082.71,0.0
2024-07-04,10126.5,-0.9
2024-07-05,10201.66,0.9
2024-07-08,10188.04,0.9
2024-07-09,10161.2,0.9
2024-07-10,10198.7,0.9
2024-07-11,10085.78,0.9
2024-07-12,10155.5,0.9
2024-07-15,10090.24,0.9
2024-07-16,9991.0,0.9
2024-07-17,9954.81,0.0
2024-07-18,9689.0,-0.9
2024-07-19,9603.25,-0.9
2024-07-22,9484.5,-0.9
2024-07-23,9414.04,-0.9
2024-07-24,9334.0,-0.9
2024-07-25,9361.0,-0.9
2024-07-26,9358.0,-0.9
2024-07-29,9301.75,-0.9
2024-07-30,9264.0,-0.9
2024-07-31,9502.48,-0.9
2024-08-01,9361.62,-0.9
2024-08-02,9361.3,-0.9
2024-08-05,9185.01,-0.9
2024-08-06,9220.75,-0.9
2024-08-07,9053.35,-0.9
2024-08-08,9061.22,-0.9
2024-08-09,9117.23,-0.9
2024-08-12,9263.25,-0.9
2024-08-13,9178.72,-0.9
2024-08-14,9182.9,-0.9
2024-08-15,9339.22,-0.9
2024-08-16,9344.5,-0.9
2024-08-19,9464.87,-0.9
2024-08-20,9424.66,0.0
2024-08-21,9498.36,0.9
2024-08-22,9373.01,0.0
2024-08-23,9502.48,0.9
2024-08-26,9502.48,0.9
2024-08-27,9671.07,0.9
2024-08-28,9512.47,0.0
2024-08-29,9503.97,0.9
2024-08-30,9484.77,0.9
2024-09-02,9446.32,0.9
2024-09-03,9202.31,0.0
2024-09-04,9207.39,0.6
2024-09-05,9328.92,0.6
2024-09-06,9247.16,0.6
2024-09-09,9340.25,0.6
2024-09-10,9278.73,0.6
2024-09-11,9338.76,0.6
2024-09-12,9446.32,0.6
2024-09-13,9524.13,0.6
2024-09-16,9630.24,0.6
2024-09-17,9614.18,0.6
2024-09-18,9639.39,0.6
2024-09-19,9745.3,0.6
2024-09-20,9718.24,0.6
2024-09-23,9791.48,0.6
2024-09-24,10023.99,0.6
2024-09-25,10061.44,0.6
2024-09-26,10310.52,0.6
2024-09-27,10209.83,0.6
2024-09-30,10069.32,0.6
2024-10-01,10219.21,0.6
2024-10-02,10330.29,0.6
2024-10-03,10151.52,0.6
2024-10-04,10246.73,0.6
2024-10-07,10227.58,0.6
2024-10-08,10063.78,0.9
2024-10-09,9994.99,0.9
2024-10-10,10031.5,0.9
2024-10-11,10089.57,0.9
2024-10-14,9962.29,0.9
2024-10-15,9856.94,0.6
2024-10-16,9877.95,0.6
2024-10-17,9854.38,0.6
2024-10-18,9955.07,0.6
2024-10-21,9888.92,0.6
2024-10-22,9926.31,0.0
2024-10-23,9857.96,-0.6
2024-10-24,9825.85,-0.6
2024-10-25,9898.5,-0.6
2024-10-28,9843.5,-0.6
2024-10-29,9829.33,-0.6
2024-10-30,9831.55,-0.6
2024-10-31,9795.51,-0.6
2024-11-01,9878.84,-0.6
2024-11-04,9988.81,-0.6
2024-11-05,10019.81,-0.6
2024-11-06,9658.35,-0.6
2024-11-07,9972.5,-0.6
2024-11-08,9760.21,-0.6
2024-11-11,9649.21,-0.6
2024-11-12,9465.24,-0.9
2024-11-13,9380.14,-0.9
2024-11-14,9310.5,-0.9
2024-11-15,9304.44,-0.9
2024-11-18,9363.5,-0.9
2024-11-19,9377.35,-0.9
2024-11-20,9388.5,-0.9
2024-11-21,9302.74,-0.9
2024-11-22,9265.0,-0.9
2024-11-25,9331.5,-0.9
2024-11-26,9265.68,-0.6
2024-11-27,9275.51,-0.6
2024-11-28,9277.56,-0.6
2024-11-29,9295.48,-0.6
2024-12-02,9291.5,-0.6
2024-12-03,9385.53,-0.6
2024-12-04,9372.26,-0.6
2024-12-05,9367.0,-0.6
2024-12-06,9408.71,-0.6
2024-12-09,9502.0,-0.6
2024-12-10,9495.03,0.0
2024-12-11,9471.92,0.0
2024-12-12,9373.52,0.0
2024-12-13,9325.7,0.0
2024-12-16,9334.36,0.0
2024-12-17,9257.25,-0.6
2024-12-18,9298.82,-0.6
2024-12-19,9151.0,-0.6
2024-12-20,9210.6,-0.6
2024-12-23,9182.49,-0.6
2024-12-24,9215.5,-0.6
2024-12-25,9215.5,-0.6
2024-12-26,9215.5,-0.6
2024-12-27,9243.71,-0.6
2024-12-30,9171.01,-0.6
2024-12-31,9048.5,-1.3
2025-01-01,9048.5,-1.3
2025-01-02,9080.25,-1.3
2025-01-03,9150.0,-1.3
2025-01-06,9270.62,-1.3
2025-01-07,9272.84,-1.3
2025-01-08,9298.5,-1.3
2025-01-09,9342.25,-1.3
2025-01-10,9337.5,0.0
2025-01-13,9338.61,0.0
2025-01-14,9407.5,1.3
2025-01-15,9405.09,1.3
2025-01-16,9457.5,1.3
2025-01-17,9433.85,1.3
2025-01-20,9518.0,1.3
2025-01-21,9534.17,1.3
2025-01-22,9482.09,1.3
2025-01-23,9485.0,1.3
2025-01-24,9531.41,1.3
2025-01-27,9352.0,1.3
2025-01-28,9244.51,0.6
2025-01-29,9328.0,0.6
2025-01-30,9389.5,0.6
2025-01-31,9315.0,0.6
2025-02-03,9382.49,0.6
2025-02-04,9427.56,1.3
2025-02-05,9522.75,1.3
2025-02-06,9560.22,1.3
2025-02-07,9676.7,1.3
2025-02-10,9709.5,1.3
2025-02-11,9616.0,1.3
2025-02-12,9691.5,1.3
2025-02-13,9692.2,1.3
2025-02-14,9663.12,1.3
2025-02-17,9590.0,1.3
2025-02-18,9650.88,1.3
2025-02-19,9506.69,1.3
2025-02-20,9578.5,1.3
2025-02-21,9591.81,1.3
2025-02-24,9520.25,1.3
2025-02-25,9452.25,1.3
2025-02-26,9502.64,1.3
2025-02-27,9432.5,1.3
2025-02-28,9419.0,1.3
2025-03-03,9500.26,1.3
2025-03-04,9422.44,0.0
2025-03-05,9609.35,0.0
2025-03-06,9653.0,0.0
2025-03-07,9564.42,-1.3
2025-03-10,9495.74,-1.3
2025-03-11,9616.99,0.0
2025-03-12,9623.29,0.0
2025-03-13,9641.25,0.0
2025-03-14,9700.5,0.0
2025-03-17,9769.87,1.3
2025-03-18,9821.5,1.3
2025-03-19,9873.91,1.3
2025-03-20,9849.24,1.3
2025-03-21,9745.82,1.3
2025-03-24,9818.0,1.3
2025-03-25,9925.0,1.3
2025-03-26,9822.96,1.3
2025-03-27,9801.89,1.3
2025-03-28,9751.25,1.3
2025-03-31,9704.95,1.3
2025-04-01,9677.25,1.3
2025-04-02,9692.25,1.3
2025-04-03,9420.5,-1.3
2025-04-04,8901.0,-1.3
2025-04-07,8834.5,-1.3
2025-04-08,8761.25,-0.6
2025-04-09,8715.29,-0.6
2025-04-10,9030.4,-0.6
2025-04-11,9193.5,-0.6
2025-04-14,9241.1,-0.6
2025-04-15,9225.91,-0.6
2025-04-16,9248.25,-0.6
2025-04-17,9231.5,-0.6
2025-04-18,9231.5,-0.6
2025-04-21,9231.5,-0.6
2025-04-22,9389.35,-0.9
2025-04-23,9384.06,-0.9
2025-04-24,9365.5,-0.9
2025-04-25,9332.0,-0.9
2025-04-28,9275.25,-0.9
2025-04-29,9384.55,-0.6
2025-04-30,9069.84,-0.6
2025-05-01,9065.96,-0.6
2025-05-02,9241.08,0.6
2025-05-05,9241.08,0.6
2025-05-06,9388.26,0.9
2025-05-07,9285.36,0.9
2025-05-08,9287.28,0.9
2025-05-09,9302.25,0.9
2025-05-12,9397.22,0.9
2025-05-13,9457.04,0.9
2025-05-14,9472.75,0.9
2025-05-15,9426.0,0.9
2025-05-16,9294.21,0.9
2025-05-19,9373.0,0.9
2025-05-20,9398.5,0.0
2025-05-21,9429.02,0.0
2025-05-22,9405.3,0.0
2025-05-23,9507.79,0.9
2025-05-26,9507.79,0.9
2025-05-27,9482.66,0.9
2025-05-28,9465.75,0.9
2025-05-29,9469.75,0.9
2025-05-30,9403.75,0.9
2025-06-02,9511.49,0.9
2025-06-03,9517.25,0.6
2025-06-04,9511.61,0.6
2025-06-05,9580.16,0.6
2025-06-06,9560.5,0.6
2025-06-09,9653.38,0.6
2025-06-10,9630.53,0.6
2025-06-11,9556.8,0.6
2025-06-12,9600.45,0.6
2025-06-13,9550.96,0.6
2025-06-16,9622.99,0.6
2025-06-17,9604.49,0.6
2025-06-18,9642.97,0.6
2025-06-19,9599.65,0.6
2025-06-20,9594.18,0.6
2025-06-23,9625.51,0.6
2025-06-24,9640.39,0.6
2025-06-25,9681.48,0.6
2025-06-26,9861.08,0.6
2025-06-27,9854.11,0.6
2025-06-30,9844.5,0.6
2025-07-01,9917.59,0.6
2025-07-02,10003.5,0.6
2025-07-03,9947.5,0.6
2025-07-04,9858.73,0.6
2025-07-07,9823.65,0.6
2025-07-08,9801.26,1.3
2025-07-09,9679.24,1.3
2025-07-10,9758.84,1.3
2025-07-11,9754.75,1.3
2025-07-14,9743.71,1.3
2025-07-15,9754.29,1.3
2025-07-16,9757.23,1.3
2025-07-17,9779.5,1.3
2025-07-18,9883.25,1.3
2025-07-21,9968.16,1.3
2025-07-22,10022.12,1.3
2025-07-23,10006.68,1.3
2025-07-24,9966.63,1.3
2025-07-25,9864.65,0.0
2025-07-28,9886.34,0.0
2025-07-29,9890.25,0.0
2025-07-30,9790.0,-1.3
2025-07-31,9738.75,-1.3
2025-08-01,9773.43,-1.3
2025-08-04,9826.23,0.0
2025-08-05,9781.11,0.0
2025-08-06,9820.79,1.3
2025-08-07,9824.5,1.3
2025-08-08,9903.49,1.3
2025-08-11,9880.09,1.3
2025-08-12,9988.5,1.3
2025-08-13,9940.48,1.3
2025-08-14,9915.0,1.3
2025-08-15,9918.61,1.3
2025-08-18,9882.76,0.0
2025-08-19,9851.65,-1.3
2025-08-20,9886.98,-1.3
2025-08-21,9896.12,-1.3
2025-08-22,9955.48,0.0
2025-08-25,9955.48,0.0
2025-08-26,9991.17,1.3
2025-08-27,9925.07,1.3
2025-08-28,9985.53,1.3
2025-08-29,10060.99,1.3
2025-09-01,10056.11,1.3
2025-09-02,10140.54,1.3
2025-09-03,10142.42,1.3
2025-09-04,10078.56,1.3
2025-09-05,10086.13,1.3
2025-09-08,10111.2,1.3
2025-09-09,10096.87,1.3
2025-09-10,10174.04,1.3
2025-09-11,10222.82,1.3
2025-09-12,10234.98,1.3
2025-09-15,10344.65,1.3
2025-09-16,10267.02,1.3
2025-09-17,10146.25,1.3
2025-09-18,10100.28,1.3
2025-09-19,10142.2,1.3
2025-09-22,10133.39,1.3
2025-09-23,10134.79,1.3
2025-09-24,10403.72,1.3
2025-09-25,10299.48,1.3
2025-09-26,10231.7,1.3
2025-09-29,10440.93,1.3
2025-09-30,10306.43,1.3
2025-10-01,10387.04,1.3
2025-10-02,10479.5,1.3
2025-10-03,10662.49,1.3
2025-10-06,10617.91,1.3
2025-10-07,10688.55,1.3
2025-10-08,10599.28,1.3
2025-10-09,10773.33,1.3
2025-10-10,10443.48,1.3
2025-10-13,10611.0,1.3
2025-10-14,10425.0,0.6
2025-10-15,10469.51,0.6
2025-10-16,10519.25,0.6
2025-10-17,10494.88,0.6
2025-10-20,10592.39,0.6
2025-10-21,10526.94,0.6
2025-10-22,10557.55,0.6
2025-10-23,10742.51,0.6
2025-10-24,10868.4,0.6
2025-10-27,10935.25,0.6
2025-10-28,10924.07,0.6
2025-10-29,11066.6,0.6
2025-10-30,10814.84,0.6
2025-10-31,10790.0,0.6
2025-11-03,10767.34,0.6
2025-11-04,10598.33,0.0
2025-11-05,10633.82,0.0
2025-11-06,10615.91,-0.6
2025-11-07,10638.52,0.6
2025-11-10,10715.37,0.6
2025-11-11,10745.15,0.6
2025-11-12,10745.15,0.6
