momentum_window,entry_threshold,exit_threshold,adx_trending_threshold,adx_window,weekly_vol_updates,update_frequency,use_regime_scaling,vol_window,vol_percentile_window,sharpe,annual_return,annual_vol,activity_pct,long_pct,short_pct
20,0.012,0.003,20,14,True,5,False,63,252,0.3992260515122365,0.08403328371391194,0.2104904812589273,70.09081735620585,38.20383451059536,31.886982845610497
20,0.012,0.002,20,14,True,5,False,63,252,0.3963695242373437,0.08366541531158588,0.21107933429687076,70.63572149344097,38.46619576185671,32.16952573158426
20,0.01,0.003,20,14,True,5,False,63,252,0.38909350104866797,0.08220287329972063,0.21126765951672544,71.16044399596367,38.72855701311806,32.43188698284561
20,0.01,0.002,20,14,True,5,False,63,252,0.38490658822839047,0.08153843067075915,0.21183952980918327,71.76589303733603,39.011099899091825,32.754793138244196
20,0.008,0.003,20,14,True,5,False,63,252,0.38200595296443557,0.0809883485848603,0.21200807986466183,71.96770938446015,39.21291624621595,32.754793138244196
20,0.012,0.004,20,14,True,5,False,63,252,0.379642721508368,0.079782271451982,0.21015093120973602,69.54591321897074,38.00201816347124,31.543895055499494
20,0.008,0.002,20,14,True,5,False,63,252,0.37575647486887603,0.07987609749370865,0.21257410806182972,72.51261352169526,39.47527749747729,33.037336024217964
20,0.012,0.005,20,14,True,5,False,63,252,0.375032474609795,0.07868362864235902,0.20980484083205309,68.9606458123108,37.73965691220989,31.22098890010091
20,0.01,0.004,20,14,True,5,False,63,252,0.3699035963222013,0.07802468598771131,0.21093248825769342,70.67608476286578,38.54692230070636,32.129162462159435
20,0.008,0.004,20,14,True,5,False,63,252,0.36271687042673506,0.07678182099589848,0.2116852764680202,71.50353178607467,39.05146316851665,32.45206861755802
20,0.01,0.005,20,14,True,5,False,63,252,0.36189547810161726,0.07621530771377255,0.21060033165811462,70.13118062563068,38.284561049445,31.84661957618567
20,0.012,0.003,18,14,True,5,False,63,252,0.36113880668583587,0.07788572156956161,0.2156669959795167,75.37840565085772,40.90817356205852,34.47023208879919
20,0.015,0.003,20,14,True,5,False,63,252,0.3594127151405132,0.07512561658651251,0.20902325772515307,68.85973763874874,37.49747729566095,31.36226034308779
20,0.012,0.002,18,14,True,5,False,63,252,0.3591961010738121,0.07768913205358197,0.2162861228764213,75.96367305751765,41.19071644803229,34.77295660948537
25,0.012,0.003,22,14,True,5,False,63,252,0.3563565459843021,0.07363912342990787,0.20664450887665683,66.5792129162462,36.67003027245207,29.909182643794146
20,0.008,0.005,20,14,True,5,False,63,252,0.3541074084948361,0.07484330459031847,0.21135763555031611,70.95862764883955,38.76892028254289,32.18970736629667
20,0.01,0.003,18,14,True,5,False,63,252,0.35124672004011154,0.07602412666015032,0.21644081587856126,76.52875882946518,41.47325933400605,35.05549949545913
20,0.015,0.002,20,14,True,5,False,63,252,0.349591434009512,0.07326859199449241,0.20958348765633333,69.42482341069626,37.78002018163471,31.64480322906155
20,0.012,0.003,22,14,True,5,False,63,252,0.3495725621999509,0.07196212015660208,0.20585746119124965,65.85267406659939,35.822401614530776,30.03027245206862
20,0.008,0.003,22,14,True,5,False,63,252,0.34922814500040994,0.07245260061015459,0.20746495277483878,67.38647830474268,36.71039354187689,30.67608476286579
20,0.01,0.003,22,14,True,5,False,63,252,0.34909706435347043,0.0720831720485621,0.20648461247321145,66.78102926337033,36.32694248234107,30.454086781029265
25,0.01,0.003,22,14,True,5,False,63,252,0.3488866082056174,0.07224117332876916,0.2070620414475571,67.26538849646822,37.013118062563066,30.25227043390515
25,0.008,0.003,22,14,True,5,False,63,252,0.3487394613622776,0.07229384505996207,0.20730044365372738,67.79011099899091,37.15438950554995,30.635721493440972
20,0.015,0.004,20,14,True,5,False,63,252,0.3484915817531468,0.0727520213370294,0.20876263630541048,68.33501513622603,37.31584258324924,31.01917255297679
20,0.01,0.002,18,14,True,5,False,63,252,0.3479996079696298,0.07553096291753525,0.21704324139390094,77.19475277497477,41.79616548940464,35.39858728557013
20,0.012,0.002,22,14,True,5,False,63,252,0.34695075625626365,0.07163121976696955,0.20645932736939054,66.3773965691221,36.064581231079714,30.31281533804238
25,0.012,0.003,20,14,True,5,False,63,252,0.34525467976632596,0.07296551404064357,0.21133823324285664,71.28153380423814,39.112008072653886,32.16952573158426
20,0.015,0.005,20,14,True,5,False,63,252,0.34416149109425476,0.07166558877265834,0.20823244502108304,67.62865792129162,36.93239152371342,30.696266397578203
20,0.01,0.002,22,14,True,5,False,63,252,0.3439707741996128,0.07122507832720086,0.20706723846796235,67.34611503531787,36.56912209889001,30.77699293642785
20,0.008,0.002,22,14,True,5,False,63,252,0.3430891776529403,0.07137731753169646,0.20804304589257497,67.91120080726539,36.952573158425835,30.958627648839553
25,0.008,0.003,20,14,True,5,False,63,252,0.3429039953553535,0.0728331512358363,0.21240099917867353,72.63370332996972,39.61654894046418,33.01715438950555
25,0.01,0.003,20,14,True,5,False,63,252,0.34133676195839296,0.07228042551454461,0.21175693206861554,72.02825428859737,39.455095862764885,32.573158425832496
20,0.008,0.003,18,14,True,5,False,63,252,0.34080887453178593,0.07401708999796351,0.21718064149488642,77.43693239152371,42.05852674066599,35.37840565085772
25,0.012,0.002,22,14,True,5,False,63,252,0.33907130648928396,0.07021730392690263,0.20708713059187092,66.98284561049445,36.87184661957619,30.110998990918265
25,0.01,0.002,22,14,True,5,False,63,252,0.3390012617993176,0.07032694113024839,0.207453331462467,67.66902119071645,37.21493440968718,30.454086781029265
20,0.012,0.004,18,14,True,5,False,63,252,0.3365085321063559,0.07245288280410259,0.21530771404394392,74.73259334006055,40.645812310797176,34.08678102926337
20,0.008,0.002,18,14,True,5,False,63,252,0.33555448708100133,0.07307611779315829,0.2177772034248436,78.02219979818365,42.34106962663976,35.6811301715439
25,0.008,0.002,22,14,True,5,False,63,252,0.3336965316736297,0.06932669257204234,0.2077537103078044,68.25428859737639,37.37638748738648,30.877901109989907
25,0.01,0.002,20,14,True,5,False,63,252,0.3316976428097261,0.07036619331602384,0.2121395639714825,72.43188698284561,39.656912209889,32.77497477295661
20,0.015,0.003,18,14,True,5,False,63,252,0.33149416418113636,0.07100176127784041,0.21418706254823647,73.82441977800201,40.12108980827447,33.70332996972755
25,0.012,0.002,20,14,True,5,False,63,252,0.3283910166873224,0.06954369453763831,0.2117710016527473,71.68516649848638,39.313824419778,32.37134207870837
25,0.008,0.002,20,14,True,5,False,63,252,0.32825066510903905,0.0698659987479166,0.21284343391873511,73.0978809283552,39.83854692230071,33.259334006054495
20,0.012,0.005,18,14,True,5,False,63,252,0.3274190003376127,0.07035452415973921,0.21487611924535327,73.94550958627649,40.28254288597377,33.662966700302725
20,0.01,0.004,18,14,True,5,False,63,252,0.32701870987827036,0.07066411284461188,0.21608584068757394,75.94349142280524,41.23107971745711,34.71241170534813
25,0.012,0.004,22,14,True,5,False,63,252,0.3256594888297982,0.06712092261990227,0.20610768278575223,66.29667003027245,36.508577194752775,29.788092835519674
20,0.015,0.002,18,14,True,5,False,63,252,0.32559947528913996,0.06992594345545557,0.214760614688828,74.40968718466195,40.423814328960646,33.98587285570131
25,0.012,0.005,22,14,True,5,False,63,252,0.3255864758518033,0.06706228905457154,0.20597381656938413,66.11503531786074,36.42785065590313,29.687184661957616
20,0.008,0.004,22,14,True,5,False,63,252,0.323922132056275,0.06711297022925396,0.20718859129265801,66.96266397578204,36.5489404641776,30.41372351160444
20,0.012,0.004,22,14,True,5,False,63,252,0.3238798623257044,0.06657800510273333,0.2055638921933969,65.3481331987891,35.62058526740666,29.727547931382443
20,0.01,0.004,22,14,True,5,False,63,252,0.32382831904560794,0.06677188194461393,0.20619531405222716,66.33703329969728,36.14530776992936,30.19172552976791
20,0.012,0.005,22,14,True,5,False,63,252,0.3185821025123606,0.06540132488454749,0.2052887603188883,64.8234106962664,35.37840565085772,29.445005045408678
20,0.015,0.004,18,14,True,5,False,63,252,0.3183024075897643,0.06809124555119427,0.21391998278238564,73.2795156407669,39.919273461150354,33.36024217961655
25,0.015,0.003,22,14,True,5,False,63,252,0.31790457772208647,0.06540183891462692,0.20572789288929805,65.36831483350151,36.02421796165489,29.34409687184662
25,0.012,0.005,20,14,True,5,False,63,252,0.3169228961102454,0.06675572779041021,0.21063712533785647,70.6962663975782,38.86982845610494,31.826437941473255
20,0.008,0.004,18,14,True,5,False,63,252,0.31649817503978095,0.06862873590547261,0.21683769865923114,76.87184661957619,41.836528758829466,35.03531786074672
20,0.008,0.005,22,14,True,5,False,63,252,0.31618409142446047,0.06542677789752317,0.20692621694774382,66.45812310797174,36.28657921291625,30.171543895055496
20,0.01,0.005,22,14,True,5,False,63,252,0.3150743155198917,0.06488446626211233,0.20593384819403335,65.85267406659939,35.90312815338043,29.949545913218973
20,0.01,0.005,18,14,True,5,False,63,252,0.31462718090589004,0.06785501873593275,0.2156680123457905,75.19677093844601,40.867810292633706,34.32896064581231
25,0.012,0.004,20,14,True,5,False,63,252,0.3143288804553354,0.06626428219484962,0.21081194352507313,70.97880928355197,38.95055499495459,32.028254288597374
25,0.008,0.004,22,14,True,5,False,63,252,0.3132004527539401,0.06473424348695611,0.20668630239118244,67.46720484359233,36.99293642785065,30.474268415741673
25,0.01,0.004,22,14,True,5,False,63,252,0.312163743872112,0.06444624011953672,0.20645011275216898,66.96266397578204,36.851664984863774,30.110998990918265
25,0.012,0.003,18,14,True,5,False,63,252,0.3103139862792783,0.06714282180714269,0.21637059486811233,76.56912209889,41.836528758829466,34.732593340060546
25,0.015,0.002,22,14,True,5,False,63,252,0.3098243698387907,0.06391898797756071,0.20630716689852177,65.89303733602422,36.28657921291625,29.60645812310797
25,0.008,0.005,22,14,True,5,False,63,252,0.30955356188869065,0.06392847963428315,0.20651831380725827,67.2452068617558,36.8920282542886,30.353178607467207
25,0.01,0.005,22,14,True,5,False,63,252,0.30798466077482634,0.06353188343421233,0.2062826222396243,66.76084762865793,36.75075681130171,30.010090817356204
25,0.008,0.003,18,14,True,5,False,63,252,0.3071352461116149,0.06678650659537994,0.21744982850685038,78.06256306760848,42.48234106962664,35.58022199798184
20,0.015,0.005,18,14,True,5,False,63,252,0.3068101607563477,0.06544572557318039,0.21331016356121887,72.3915237134208,39.41473259334006,32.976791120080726
25,0.015,0.003,20,14,True,5,False,63,252,0.3061184238949126,0.0643432449050546,0.21019069707200302,69.92936427850655,38.4460141271443,31.48335015136226
25,0.01,0.004,20,14,True,5,False,63,252,0.30452401262193796,0.06430246126952385,0.21115727694470654,71.70534813319878,39.29364278506559,32.4117053481332
20,0.008,0.005,18,14,True,5,False,63,252,0.3035262012394672,0.06569050366515221,0.21642449118692603,76.12512613521695,41.453077699293644,34.67204843592331
25,0.01,0.005,20,14,True,5,False,63,252,0.303096858629068,0.06393818374509079,0.2109496747484895,71.40262361251261,39.19273461150353,32.20988900100908
25,0.01,0.003,18,14,True,5,False,63,252,0.302162057145512,0.0655098507027425,0.21680369574395295,77.3965691220989,42.26034308779011,35.136226034308784
20,0.015,0.003,22,14,True,5,False,63,252,0.3008649683842692,0.06151231622120082,0.20445157357980076,64.72250252270435,35.1765893037336,29.54591321897074
25,0.012,0.002,18,14,True,5,False,63,252,0.2992714810088154,0.06488645103485027,0.21681468216124128,77.03329969727548,42.05852674066599,34.974772956609485
25,0.015,0.002,20,14,True,5,False,63,252,0.2982590966261961,0.06286039396798837,0.2107576757223617,70.45408678102928,38.70837537840565,31.745711402623613
25,0.008,0.002,18,14,True,5,False,63,252,0.29822770911008156,0.06498480283817303,0.2179033029227539,78.58728557013119,42.72452068617558,35.8627648839556
25,0.01,0.002,18,14,True,5,False,63,252,0.298164812959305,0.06476106723493452,0.21719889276060697,77.86074672048436,42.48234106962664,35.37840565085772
25,0.015,0.004,22,14,True,5,False,63,252,0.296007748203143,0.060787884091047066,0.20535909772648858,65.10595358224016,35.8627648839556,29.243188698284563
25,0.008,0.005,20,14,True,5,False,63,252,0.29580450932365565,0.062499174939471776,0.21128540292497053,72.00807265388497,39.354187689202824,32.65388496468214
25,0.008,0.004,20,14,True,5,False,63,252,0.29512978720741684,0.06241112396123992,0.2114700944007982,72.27043390514632,39.455095862764885,32.815338042381434
25,0.015,0.005,22,14,True,5,False,63,252,0.2950785246696054,0.06055788674489019,0.20522634377644347,64.94450050454087,35.80221997981837,29.1422805247225
20,0.015,0.002,22,14,True,5,False,63,252,0.29114809705844996,0.059692259641874225,0.20502369840284618,65.26740665993945,35.43895055499495,29.8284561049445
25,0.015,0.004,20,14,True,5,False,63,252,0.2837856561659918,0.05954625904568642,0.20982829030251143,69.6468213925328,38.284561049445,31.36226034308779
25,0.015,0.005,20,14,True,5,False,63,252,0.28294286876964353,0.059324256913919494,0.2096686768317813,69.40464177598386,38.22401614530777,31.180625630676083
20,0.015,0.004,22,14,True,5,False,63,252,0.28260342697601276,0.05772055362804524,0.20424576674699893,64.23814328960646,34.9949545913219,29.243188698284563
25,0.012,0.005,18,14,True,5,False,63,252,0.2783744739530326,0.060033919521047176,0.21565885215171024,75.92330978809284,41.57416750756811,34.349142280524724
20,0.015,0.005,22,14,True,5,False,63,252,0.27753085734750604,0.05655608365511133,0.20378304666963748,63.59233097880929,34.631685166498485,28.960645812310798
25,0.012,0.004,18,14,True,5,False,63,252,0.27587731198053805,0.05954247392548658,0.21582954211793634,76.2058526740666,41.65489404641776,34.55095862764884
15,0.01,0.002,20,14,True,5,False,63,252,0.27057210222943545,0.05694794480107827,0.2104723448272892,70.11099899091826,38.042381432896065,32.0686175580222
25,0.015,0.003,18,14,True,5,False,63,252,0.2695614122058416,0.05803442602316987,0.21529203882807163,75.13622603430878,41.049445005045406,34.08678102926337
25,0.015,0.002,18,14,True,5,False,63,252,0.2673725510074362,0.05771702381681648,0.21586742393467032,75.72149344096873,41.331987891019175,34.38950554994955
25,0.01,0.004,18,14,True,5,False,63,252,0.26195744532814685,0.05663277042185955,0.21619072651635174,77.01311806256307,42.078708375378405,34.93440968718466
25,0.01,0.005,18,14,True,5,False,63,252,0.260516862364179,0.05626849289742648,0.21598791105801138,76.71039354187688,41.97780020181634,34.732593340060546
15,0.012,0.002,20,14,True,5,False,63,252,0.2566858951646998,0.05375073675596199,0.20940276722830212,68.90010090817357,37.598385469223004,31.301715438950556
25,0.008,0.005,18,14,True,5,False,63,252,0.25608135082551237,0.055399112992780275,0.21633403921915378,77.3965691220989,42.199798183652874,35.196770938446015
15,0.01,0.003,20,14,True,5,False,63,252,0.25598522067639107,0.05368626495423993,0.20972408021207023,69.46518668012109,37.699293642785065,31.765893037336024
25,0.008,0.004,18,14,True,5,False,63,252,0.25546134009950594,0.05531106201454841,0.21651441268179342,77.65893037336025,42.300706357214935,35.35822401614531
20,0.012,0.003,25,14,True,5,False,63,252,0.25428783412289524,0.05012881937006892,0.1971341631147091,58.768920282542894,31.786074672048436,26.98284561049445
15,0.008,0.002,20,14,True,5,False,63,252,0.2500915015411805,0.052803299019880685,0.211135919031563,70.95862764883955,38.40565085771948,32.55297679112008
20,0.012,0.002,25,14,True,5,False,63,252,0.24882307651639593,0.04919974571507057,0.19772983440235137,59.21291624621594,31.987891019172555,27.225025227043393
15,0.012,0.003,20,14,True,5,False,63,252,0.24775105256848381,0.05171438897951786,0.20873529473794214,68.2744702320888,37.25529767911201,31.01917255297679
20,0.01,0.003,25,14,True,5,False,63,252,0.24509535724352777,0.04837332606576281,0.19736533000785847,59.43491422805247,32.14934409687184,27.285570131180627
15,0.015,0.003,20,14,True,5,False,63,252,0.24366482183828175,0.05037756642997491,0.20674944396942976,66.7204843592331,36.44803229061554,30.272452068617557
20,0.01,0.002,25,14,True,5,False,63,252,0.2406001401950963,0.047629607546422606,0.1979616782758357,59.919273461150354,32.351160443995965,27.56811301715439
15,0.015,0.002,20,14,True,5,False,63,252,0.2367681638382105,0.049044684327621484,0.2071422252576783,67.32593340060545,36.79112008072654,30.53481331987891
25,0.015,0.004,18,14,True,5,False,63,252,0.23485348188085073,0.050434078141513745,0.2147469892190089,74.77295660948536,40.867810292633706,33.90514631685166
20,0.008,0.003,25,14,True,5,False,63,252,0.2344051912193052,0.046416597125585296,0.1980186397926605,59.95963673057517,32.49243188698285,27.46720484359233
25,0.015,0.005,18,14,True,5,False,63,252,0.23398966747659297,0.05021207600974685,0.21459099690703134,74.53077699293644,40.80726538849647,33.72351160443996
20,0.012,0.004,25,14,True,5,False,63,252,0.23308942024836696,0.04588649738777602,0.19686220566717252,58.30474268415742,31.58425832492432,26.720484359233097
20,0.008,0.002,25,14,True,5,False,63,252,0.22992382213447154,0.04566586039632976,0.19861300135147358,60.423814328960646,32.694248234106965,27.72956609485368
20,0.012,0.005,25,14,True,5,False,63,252,0.22991459517030416,0.04519819608707521,0.19658689372719315,57.84056508577194,31.36226034308779,26.478304742684156
15,0.008,0.003,20,14,True,5,False,63,252,0.22894464815820745,0.04820373739674777,0.2105475615373965,70.41372351160445,38.143289606458126,32.27043390514632
20,0.01,0.004,25,14,True,5,False,63,252,0.2225721938047998,0.043867140767755934,0.1970917391694862,59.011099899091825,31.967709384460143,27.04339051463169
15,0.012,0.004,20,14,True,5,False,63,252,0.22010617431728371,0.045855146826974,0.20833194238737562,67.7295660948537,36.93239152371342,30.79717457114026
15,0.01,0.004,20,14,True,5,False,63,252,0.21958093476965201,0.04594000948397192,0.20921674977003163,68.81937436932391,37.33602421796166,31.48335015136226
20,0.01,0.005,25,14,True,5,False,63,252,0.21576052951714092,0.042468104002739364,0.19682980987199292,58.58728557013117,31.745711402623613,26.84157416750757
25,0.012,0.003,25,14,True,5,False,63,252,0.21529162666476717,0.04248651194236778,0.19734400543372724,59.21291624621594,32.310797174571135,26.902119071644805
25,0.008,0.003,25,14,True,5,False,63,252,0.21410825169899156,0.042402430452767405,0.1980420190081218,60.34308779011099,32.815338042381434,27.52774974772957
20,0.008,0.004,25,14,True,5,False,63,252,0.21178463096227462,0.04188207155062592,0.19775784182416153,59.55600403632694,32.33097880928355,27.225025227043393
25,0.01,0.003,25,14,True,5,False,63,252,0.20995437535868472,0.04152475334675999,0.19777989039675584,59.899091826437946,32.67406659939455,27.225025227043393
25,0.015,0.003,25,14,True,5,False,63,252,0.20936780945394287,0.04123234310602619,0.19693735734048726,58.446014127144295,31.84661957618567,26.59939455095863
20,0.015,0.003,25,14,True,5,False,63,252,0.20868424868462254,0.040882861453785745,0.19590774920233983,57.90110998990918,31.281533804238144,26.61957618567104
15,0.015,0.004,20,14,True,5,False,63,252,0.20784151553705305,0.04288416147743084,0.20633106608475268,66.11503531786074,36.064581231079714,30.05045408678103
25,0.01,0.002,25,14,True,5,False,63,252,0.20684660321030932,0.040983120968076436,0.19813291749542167,60.24217961654894,32.85570131180626,27.386478304742685
20,0.008,0.005,25,14,True,5,False,63,252,0.20600191751603053,0.040684258136380186,0.19749456037570257,59.112008072653886,32.08879919273461,27.023208879919274
25,0.008,0.002,25,14,True,5,False,63,252,0.20562337080825077,0.04080787778468491,0.19845933671975124,60.74672048435923,33.01715438950555,27.72956609485368
25,0.015,0.002,25,14,True,5,False,63,252,0.20533428766165285,0.04054288821771507,0.19744821324980616,58.86982845610495,32.08879919273461,26.781029263370332
25,0.012,0.002,25,14,True,5,False,63,252,0.20448715032041603,0.04043729225919975,0.19774979599372158,59.55600403632694,32.49243188698285,27.063572149344097
15,0.01,0.002,18,14,True,5,False,63,252,0.2006788581547303,0.043228055298632884,0.21540911532047174,75.09586276488396,40.40363269424823,34.69223007063572
20,0.015,0.002,25,14,True,5,False,63,252,0.19904870585951134,0.039111374144441,0.19649147667428607,58.38546922300706,31.523713420787086,26.861755802219978
25,0.012,0.005,25,14,True,5,False,63,252,0.19395304040495812,0.038186101262338124,0.19688323102648286,58.84964682139253,32.10898082744703,26.740665993945512
20,0.015,0.004,25,14,True,5,False,63,252,0.1933752969032445,0.03784455481991686,0.19570521894972145,57.45711402623612,31.099899091826437,26.35721493440969
15,0.008,0.004,20,14,True,5,False,63,252,0.19304510292996022,0.04054752704015368,0.21004172820102548,69.78809283551968,37.78002018163471,32.008072653884966
15,0.01,0.002,22,14,True,5,False,63,252,0.19225096302197014,0.039528330089207635,0.20560796922869198,65.6912209889001,35.56004036326942,30.131180625630677
25,0.012,0.004,25,14,True,5,False,63,252,0.19122890748517057,0.03766418369394033,0.19695863030991337,58.99091826437941,32.16952573158426,26.82139253279516
20,0.015,0.005,25,14,True,5,False,63,252,0.18973081143967396,0.03704407032396127,0.19524541134289963,56.912209889001005,30.79717457114026,26.115035317860745
15,0.012,0.002,18,14,True,5,False,63,252,0.18950229399324423,0.0406141404468032,0.21432004642778152,73.7638748738648,39.919273461150354,33.84460141271443
25,0.015,0.005,25,14,True,5,False,63,252,0.18709847312813344,0.03676056864517038,0.19647711726645198,58.1029263370333,31.664984863773967,26.437941473259336
25,0.008,0.004,25,14,True,5,False,63,252,0.18542404390854472,0.03663504232290457,0.19757438976454314,60.06054490413724,32.65388496468214,27.406659939455096
25,0.015,0.004,25,14,True,5,False,63,252,0.1852445585533057,0.03641001485759874,0.1965510627785671,58.224016145307765,31.70534813319879,26.518668012108982
15,0.012,0.002,22,14,True,5,False,63,252,0.18499918492565395,0.03784895281023317,0.2045898354927543,64.56104944500505,35.15640766902119,29.404641775983855
15,0.01,0.003,18,14,True,5,False,63,252,0.18478540438792024,0.03965995932794364,0.21462712089903724,74.34914228052473,40.0,34.349142280524724
25,0.008,0.005,25,14,True,5,False,63,252,0.18383778624138028,0.036301236771308705,0.19746341333573791,59.899091826437946,32.573158425832496,27.32593340060545
15,0.015,0.003,18,14,True,5,False,63,252,0.1817620405102192,0.038452466923865954,0.2115538910980923,71.12008072653884,38.46619576185671,32.65388496468214
25,0.01,0.004,25,14,True,5,False,63,252,0.18002751780677578,0.03552203358067067,0.19731446621841783,59.636730575176585,32.51261352169526,27.124117053481335
15,0.012,0.003,18,14,True,5,False,63,252,0.17915878231343527,0.038271376546508175,0.2136170834179541,73.03733602421796,39.51564076690212,33.52169525731584
25,0.01,0.005,25,14,True,5,False,63,252,0.1784362715952621,0.03518822802907481,0.1972033360397177,59.47527749747729,32.43188698284561,27.04339051463169
15,0.008,0.002,18,14,True,5,False,63,252,0.17624259428746233,0.03809199074948296,0.21613385177111397,76.04439959636731,40.80726538849647,35.23713420787084
15,0.015,0.002,18,14,True,5,False,63,252,0.17355452050986506,0.03679479867797617,0.21200714662966505,71.84661957618566,38.890010090817356,32.95660948536832
15,0.01,0.003,22,14,True,5,False,63,252,0.17310501300291148,0.035462920006233044,0.2048636223240779,65.10595358224016,35.257315842583246,29.848637739656915
15,0.01,0.002,25,14,True,5,False,63,252,0.17256968678403048,0.03389338657450186,0.19640405685454568,58.52674066599395,31.26135216952573,27.265388496468212
15,0.012,0.005,20,14,True,5,False,63,252,0.17202990810768878,0.035580478998215447,0.20682728596205763,67.10393541876893,36.48839556004037,30.615539858728557
15,0.012,0.002,25,14,True,5,False,63,252,0.17132384633085596,0.033487056630588916,0.19546056983754398,57.61856710393541,30.958627648839553,26.65993945509586
15,0.012,0.003,22,14,True,5,False,63,252,0.17082681131795052,0.03483678124659685,0.20393040751522942,64.01614530776993,34.87386478304742,29.1422805247225
15,0.012,0.003,25,14,True,5,False,63,252,0.1649875915094076,0.032167123185287784,0.19496692382138098,57.174571140262366,30.696266397578203,26.478304742684156
15,0.008,0.002,22,14,True,5,False,63,252,0.16341163551423313,0.03368887288081676,0.20615957226547962,66.3572149344097,35.8627648839556,30.494450050454088
15,0.015,0.005,20,14,True,5,False,63,252,0.16259194385441494,0.033296735793660256,0.20478711924050924,65.46922300706358,35.56004036326942,29.909182643794146
15,0.015,0.003,22,14,True,5,False,63,252,0.1622131016344521,0.03277287216936859,0.20203591349373493,62.56306760847629,34.10696266397578,28.456104944500503
15,0.01,0.003,25,14,True,5,False,63,252,0.16025795039495735,0.03138193535950943,0.19582139470877002,58.06256306760847,30.99899091826438,27.063572149344097
15,0.015,0.002,22,14,True,5,False,63,252,0.16014702654426985,0.03241581385420736,0.20241283621489264,63.08779011099899,34.38950554994955,28.698284561049448
15,0.01,0.005,20,14,True,5,False,63,252,0.15784109832669177,0.03271586106539922,0.20727086552379112,68.0928355196771,36.83148335015136,31.26135216952573
15,0.012,0.004,18,14,True,5,False,63,252,0.15419441415039484,0.03287686657893895,0.21321697520684646,72.41170534813321,39.15237134207871,33.259334006054495
15,0.008,0.003,18,14,True,5,False,63,252,0.15398974036963703,0.03318601300249914,0.2155079482752515,75.39858728557013,40.484359233097884,34.914228052472254
15,0.012,0.004,22,14,True,5,False,63,252,0.153325760297608,0.03121498796899662,0.2035860634795339,63.6125126135217,34.631685166498485,28.98082744702321
15,0.012,0.004,25,14,True,5,False,63,252,0.15267625214968553,0.029723900809254803,0.19468581649563388,56.87184661957618,30.5146316851665,26.35721493440969
15,0.008,0.002,25,14,True,5,False,63,252,0.15152490142590092,0.029807195012102137,0.19671482859652956,59.07164480322906,31.503531786074674,27.56811301715439
15,0.01,0.004,18,14,True,5,False,63,252,0.15121285395480163,0.03237843604265027,0.2141248921360109,73.6226034308779,39.59636730575177,34.02623612512613
15,0.015,0.004,18,14,True,5,False,63,252,0.1497143094356642,0.03160891461997709,0.21112821305541404,70.45408678102928,38.042381432896065,32.4117053481332
15,0.01,0.004,22,14,True,5,False,63,252,0.14653814598490314,0.029954113410908673,0.20441171279725792,64.60141271442987,34.974772956609485,29.626639757820385
15,0.01,0.004,25,14,True,5,False,63,252,0.1449153657626481,0.028332247307471678,0.19550892452547855,57.67911200807265,30.79717457114026,26.88193743693239
15,0.015,0.003,25,14,True,5,False,63,252,0.14057954121447433,0.027152210030198586,0.19314481890913263,55.92330978809284,30.03027245206862,25.893037336024214
15,0.015,0.002,25,14,True,5,False,63,252,0.13955478852019726,0.027007159583127927,0.19352370398396815,56.3673057517659,30.29263370332997,26.07467204843592
15,0.008,0.003,22,14,True,5,False,63,252,0.13759059265941384,0.028285581021547605,0.20557787036766811,65.8728557013118,35.64076690211907,30.232088799192734
15,0.015,0.004,22,14,True,5,False,63,252,0.1348062615281087,0.027186554609356053,0.2016713044422446,62.07870837537841,33.784056508577194,28.294651866801214
15,0.008,0.003,25,14,True,5,False,63,252,0.13223463031500363,0.02595786202081514,0.19630154339282715,58.708375378405655,31.321897073662967,27.386478304742685
15,0.008,0.005,20,14,True,5,False,63,252,0.13129788575619109,0.02732337862158097,0.20810219802258006,69.06155398587286,37.27547931382442,31.786074672048436
15,0.015,0.004,25,14,True,5,False,63,252,0.12257895156636224,0.02364348654275636,0.19288373934211833,55.56004036326942,29.788092835519674,25.77194752774975
15,0.008,0.004,18,14,True,5,False,63,252,0.11990733211293744,0.025781205607666037,0.2150094173005486,74.71241170534813,40.080726538849646,34.631685166498485
15,0.008,0.004,25,14,True,5,False,63,252,0.11688469807298257,0.022908173968777385,0.19598950372848267,58.32492431886983,31.120080726538852,27.20484359233098
15,0.008,0.004,22,14,True,5,False,63,252,0.11103755253097401,0.022776774426223226,0.20512676934111665,65.36831483350151,35.35822401614531,30.010090817356204
15,0.012,0.005,25,14,True,5,False,63,252,0.10661136148197303,0.02058792536873237,0.19311192618259168,56.40766902119072,30.211907164480323,26.19576185671039
15,0.012,0.005,22,14,True,5,False,63,252,0.10392630084312383,0.02099826770510586,0.20204960183084575,63.08779011099899,34.288597376387486,28.799192734611506
15,0.012,0.005,18,14,True,5,False,63,252,0.10158345382253955,0.021505041402696993,0.21169826968341776,71.7255297679112,38.68819374369324,33.037336024217964
15,0.015,0.005,18,14,True,5,False,63,252,0.09984373156265838,0.020924331588723102,0.20957080891544738,69.74772956609485,37.51765893037336,32.23007063572149
15,0.015,0.005,22,14,True,5,False,63,252,0.08824347708749646,0.017657076490453266,0.20009497668530973,61.53380423814328,33.380423814328964,28.15338042381433
15,0.01,0.005,18,14,True,5,False,63,252,0.0851051200091179,0.01805713027659416,0.21217442939578227,72.83551967709384,39.07164480322906,33.763874873864786
15,0.01,0.005,25,14,True,5,False,63,252,0.08332207062305917,0.016119637011526848,0.19346179098753435,57.13420787083754,30.433905146316853,26.700302724520686
15,0.01,0.005,22,14,True,5,False,63,252,0.08293522559645428,0.01678791255720376,0.20242197976153445,63.97578203834511,34.57114026236125,29.404641775983855
15,0.015,0.005,25,14,True,5,False,63,252,0.07944203362891117,0.015194753247221898,0.19126843250513298,55.07568113017154,29.424823410696266,25.65085771947528
15,0.008,0.005,25,14,True,5,False,63,252,0.05514709694637664,0.010695563672832559,0.19394608719353987,57.78002018163472,30.756811301715437,27.023208879919274
15,0.008,0.005,18,14,True,5,False,63,252,0.05412805425424264,0.011531167984987292,0.21303496207021813,73.88496468213926,39.55600403632694,34.32896064581231
15,0.008,0.005,22,14,True,5,False,63,252,0.04730958837316125,0.009610573572518316,0.20314219385536653,64.74268415741675,34.95459132189707,29.788092835519674
