date,pnl
2013-01-01,0.0
2013-01-02,0.0
2013-01-03,-0.0
2013-01-04,-0.0
2013-01-07,-0.0
2013-01-08,0.0
2013-01-09,0.0
2013-01-10,0.0
2013-01-11,-0.0
2013-01-14,-0.0
2013-01-15,-0.0
2013-01-16,-0.0
2013-01-17,0.0
2013-01-18,0.0
2013-01-21,-0.0
2013-01-22,0.0
2013-01-23,-0.0
2013-01-24,-0.0
2013-01-25,-0.0
2013-01-28,0.0
2013-01-29,0.0
2013-01-30,0.0
2013-01-31,-0.0
2013-02-01,0.0
2013-02-04,0.0
2013-02-05,-0.0
2013-02-06,-0.0
2013-02-07,-0.0
2013-02-08,0.0
2013-02-11,-0.0
2013-02-12,0.0
2013-02-13,-0.0
2013-02-14,0.0
2013-02-15,-0.0
2013-02-18,-0.0
2013-02-19,-0.0
2013-02-20,-0.0
2013-02-21,-0.0
2013-02-22,-0.0
2013-02-25,0.0
2013-02-26,0.0
2013-02-27,0.0
2013-02-28,-0.0
2013-03-01,-0.0
2013-03-04,0.0
2013-03-05,0.0
2013-03-06,-0.0
2013-03-07,0.0
2013-03-08,-0.0
2013-03-11,0.0
2013-03-12,0.0
2013-03-13,-0.0
2013-03-14,0.0
2013-03-15,-0.0
2013-03-18,-0.0
2013-03-19,-0.0
2013-03-20,0.0
2013-03-21,-0.0
2013-03-22,0.0
2013-03-25,-0.0
2013-03-26,0.0
2013-03-27,-0.0
2013-03-28,-0.0
2013-03-29,0.0
2013-04-01,0.0
2013-04-02,-0.0
2013-04-03,-0.00011647038508082694
2013-04-04,0.005570231374556734
2013-04-05,-0.003547904038657987
2013-04-08,0.004505090006806278
2013-04-09,0.019172972094420867
2013-04-10,-0.005938947994747828
2013-04-11,-0.0030714944654781527
2013-04-12,0.017776411159058775
2013-04-15,0.01817732288237608
2013-04-16,0.00703500582838913
2013-04-17,-0.015587517718648095
2013-04-18,0.0005340023010131101
2013-04-19,-0.006534144972751818
2013-04-22,-0.0037213654789899453
2013-04-23,-0.0046063269595952505
2013-04-24,0.011438960532270013
2013-04-25,0.00949483500126126
2013-04-26,-0.009296474938560858
2013-04-29,0.007692310768603442
2013-04-30,0.005356759813656177
2013-05-01,0.014278730134264837
2013-05-02,0.0
2013-05-03,0.0
2013-05-06,-4.1774736851125326e-05
2013-05-07,0.00019153937116517242
2013-05-08,-0.005903835002919713
2013-05-09,0.0024611597300852103
2013-05-10,-0.0008021719729452354
2013-05-13,-0.0015657327996694967
2013-05-14,-0.0
2013-05-15,-0.0
2013-05-16,0.0
2013-05-17,0.0
2013-05-20,0.0
2013-05-21,-0.0
2013-05-22,0.0
2013-05-23,-0.0
2013-05-24,-0.0
2013-05-27,0.0
2013-05-28,0.0
2013-05-29,-0.0
2013-05-30,0.0
2013-05-31,-0.0
2013-06-03,0.0
2013-06-04,0.0
2013-06-05,-8.559175441186191e-05
2013-06-06,0.009184896516363448
2013-06-07,0.008168265588044078
2013-06-10,0.005195830566360006
2013-06-11,-0.0077042620640590375
2013-06-12,0.004423194326965616
2013-06-13,-0.005931971667500676
2013-06-14,0.0034233546725515613
2013-06-17,-0.0006862121080216307
2013-06-18,-0.0
2013-06-19,-0.0
2013-06-20,-0.0
2013-06-21,0.0
2013-06-24,-8.950511106526092e-05
2013-06-25,0.011182547609352883
2013-06-26,-0.0053583858213087565
2013-06-27,0.0
2013-06-28,0.0
2013-07-01,0.0
2013-07-02,-0.0
2013-07-03,-6.871674572776763e-05
2013-07-04,0.00281693128013157
2013-07-05,0.010612370323425047
2013-07-08,-0.00283533585982259
2013-07-09,-0.0
2013-07-10,-6.533800105814587e-05
2013-07-11,0.011168889069768486
2013-07-12,-0.002862426713023529
2013-07-15,-0.002444451624515719
2013-07-16,-0.004800969773899946
2013-07-17,0.0062657028907467695
2013-07-18,0.0
2013-07-19,0.0
2013-07-22,0.0
2013-07-23,0.0
2013-07-24,0.0
2013-07-25,-0.0
2013-07-26,-0.0
2013-07-29,-6.603362827705715e-05
2013-07-30,-0.009152669229058028
2013-07-31,0.009475019437429035
2013-08-01,0.007926825801828161
2013-08-02,0.00039287649628152874
2013-08-05,-0.0011232014716710574
2013-08-06,-0.0010458933236665512
2013-08-07,-7.272844300647144e-05
2013-08-08,-0.012989290500782834
2013-08-09,-0.006368223084532517
2013-08-12,0.0016761488311010382
2013-08-13,-0.00170558305067445
2013-08-14,-0.003047429140610636
2013-08-15,0.000647462499073372
2013-08-16,-0.00655462643784569
2013-08-19,0.006608482709937838
2013-08-20,0.0
2013-08-21,-0.0
2013-08-22,0.0
2013-08-23,0.0
2013-08-26,0.0
2013-08-27,-0.0
2013-08-28,-0.0
2013-08-29,-0.0
2013-08-30,-0.0
2013-09-02,-9.130895365184998e-05
2013-09-03,0.0005887102105212559
2013-09-04,-0.010257753298601308
2013-09-05,-0.0
2013-09-06,0.0
2013-09-09,0.0
2013-09-10,-0.0
2013-09-11,0.0
2013-09-12,-0.0
2013-09-13,-0.0
2013-09-16,-0.00010084717028402931
2013-09-17,-0.0009489265611294221
2013-09-18,0.010257071850643324
2013-09-19,0.0
2013-09-20,-0.0
2013-09-23,-9.141635452845253e-05
2013-09-24,0.008243664820601179
2013-09-25,-0.00439767623390618
2013-09-26,0.0
2013-09-27,0.0
2013-09-30,0.0
2013-10-01,-0.0
2013-10-02,0.0
2013-10-03,-0.0
2013-10-04,0.0
2013-10-07,-0.0
2013-10-08,-0.0
2013-10-09,-0.0
2013-10-10,0.0
2013-10-11,0.0
2013-10-14,0.0
2013-10-15,-0.0
2013-10-16,0.0
2013-10-17,-0.0
2013-10-18,0.0
2013-10-21,-0.0
2013-10-22,0.0
2013-10-23,-0.0
2013-10-24,0.0
2013-10-25,0.0
2013-10-28,0.0
2013-10-29,0.0
2013-10-30,0.0
2013-10-31,-0.0
2013-11-01,-0.0
2013-11-04,-0.0
2013-11-05,0.0
2013-11-06,-0.0
2013-11-07,0.0
2013-11-08,0.0
2013-11-11,0.0
2013-11-12,-0.0
2013-11-13,-0.0
2013-11-14,0.0
2013-11-15,0.0
2013-11-18,-0.00011254076914639434
2013-11-19,-0.0005378292432325084
2013-11-20,0.0026861775453502143
2013-11-21,0.0
2013-11-22,0.0
2013-11-25,0.0
2013-11-26,-0.0
2013-11-27,-0.0
2013-11-28,0.0
2013-11-29,0.0
2013-12-02,-0.0
2013-12-03,-0.0
2013-12-04,0.0
2013-12-05,-0.0
2013-12-06,0.0
2013-12-09,-0.00012069957363001948
2013-12-10,-0.002706647761850424
2013-12-11,-0.006857228699355227
2013-12-12,-0.0006637374996210221
2013-12-13,-0.003205400813512421
2013-12-16,-0.0038788325239465745
2013-12-17,0.0015968574820442681
2013-12-18,0.0009208132873038539
2013-12-19,-0.0
2013-12-20,0.0
2013-12-23,0.0
2013-12-24,0.0
2013-12-25,0.0
2013-12-26,0.0
2013-12-27,0.0
2013-12-30,-0.00014031054207606244
2013-12-31,0.0019025158247601387
2014-01-01,-0.00014031054207606244
2014-01-02,0.0
2014-01-03,-0.0
2014-01-06,0.0
2014-01-07,0.0
2014-01-08,-0.0
2014-01-09,-0.0
2014-01-10,0.0
2014-01-13,0.0
2014-01-14,-0.0
2014-01-15,0.0
2014-01-16,-0.0
2014-01-17,0.0
2014-01-20,-0.0
2014-01-21,0.0
2014-01-22,-0.0
2014-01-23,-0.0
2014-01-24,-0.0
2014-01-27,-0.00013548771758151195
2014-01-28,-0.001263288742018737
2014-01-29,-0.0016446070945783798
2014-01-30,-0.0040565164804734054
2014-01-31,-0.0038201364900018737
2014-02-03,-0.003588241430716953
2014-02-04,0.0
2014-02-05,-0.0
2014-02-06,0.0
2014-02-07,0.0
2014-02-10,-0.0
2014-02-11,-0.0
2014-02-12,0.0
2014-02-13,-0.0
2014-02-14,0.0
2014-02-17,0.0
2014-02-18,0.0
2014-02-19,-0.0
2014-02-20,-0.0
2014-02-21,0.0
2014-02-24,-0.0
2014-02-25,-0.0
2014-02-26,-0.0001709013283135864
2014-02-27,-0.00016216085806391756
2014-02-28,-0.0024327591219016034
2014-03-03,-0.006997202601894846
2014-03-04,0.0
2014-03-05,-0.0
2014-03-06,0.0
2014-03-07,-0.0
2014-03-10,-9.194109003171886e-05
2014-03-11,-0.01604025634483292
2014-03-12,0.0028299832010945463
2014-03-13,-0.007567569163467017
2014-03-14,0.004604243561186622
2014-03-17,0.0009292941232429385
2014-03-18,0.0002556273750648846
2014-03-19,0.0058790553530020054
2014-03-20,-0.0
2014-03-21,0.0
2014-03-24,-0.0
2014-03-25,0.0
2014-03-26,-6.975987873348774e-05
2014-03-27,-0.0036790924268045723
2014-03-28,-0.007690260705208091
2014-03-31,0.0017390396930061175
2014-04-01,-0.0009883245463543529
2014-04-02,-0.001051772756274171
2014-04-03,-0.0
2014-04-04,-0.0
2014-04-07,0.0
2014-04-08,-0.0
2014-04-09,-0.0
2014-04-10,0.0
2014-04-11,0.0
2014-04-14,-0.0
2014-04-15,-0.0
2014-04-16,-9.271888805138539e-05
2014-04-17,0.0028015980677258186
2014-04-18,0.0
2014-04-21,-9.271888805138539e-05
2014-04-22,0.0
2014-04-23,0.0
2014-04-24,0.0
2014-04-25,0.0
2014-04-28,-0.00014231004506024336
2014-04-29,0.004289730313381653
2014-04-30,0.010171547775141026
2014-05-01,0.0
2014-05-02,0.0
2014-05-05,0.0
2014-05-06,0.0
2014-05-07,-0.0
2014-05-08,0.0
2014-05-09,0.0
2014-05-12,0.0
2014-05-13,-0.0
2014-05-14,-0.0001245242395452307
2014-05-15,0.004198794204318924
2014-05-16,0.0030143848836899634
2014-05-19,-0.007990486893034133
2014-05-20,-0.0
2014-05-21,-0.0
2014-05-22,0.0
2014-05-23,0.0
2014-05-26,0.0
2014-05-27,0.0
2014-05-28,0.0
2014-05-29,-0.0
2014-05-30,-0.0
2014-06-02,0.0
2014-06-03,-0.0
2014-06-04,-0.0
2014-06-05,-0.0
2014-06-06,-0.0
2014-06-09,-0.00010977762799940731
2014-06-10,0.0005486138330805716
2014-06-11,0.0016252169010318646
2014-06-12,-0.009010320906261462
2014-06-13,0.0045527981014266165
2014-06-16,0.004529080451933379
2014-06-17,0.0
2014-06-18,0.0
2014-06-19,0.0
2014-06-20,0.0
2014-06-23,-0.00012666643795799484
2014-06-24,-0.0
2014-06-25,-0.003680535234034421
2014-06-26,-0.004844388534990922
2014-06-27,0.0012041318015623
2014-06-30,-0.008441143601083745
2014-07-01,-0.0005973170003340735
2014-07-02,-0.01253814202179956
2014-07-03,-0.006040917246410562
2014-07-04,0.0029994101310574753
2014-07-07,0.0029798689452530335
2014-07-08,-0.0007445765612033416
2014-07-09,0.000584901177795123
2014-07-10,0.0
2014-07-11,-0.0
2014-07-14,-0.0
2014-07-15,0.0
2014-07-16,-0.0
2014-07-17,-0.0
2014-07-18,-0.0
2014-07-21,-0.00015524503277085353
2014-07-22,0.002209893704923198
2014-07-23,0.0005798166754244966
2014-07-24,0.0
2014-07-25,-0.0
2014-07-28,-0.00013684729744800516
2014-07-29,0.00486909859833729
2014-07-30,-0.005676180621616454
2014-07-31,-0.0
2014-08-01,-0.0
2014-08-04,0.0
2014-08-05,-0.0
2014-08-06,-0.0
2014-08-07,0.0
2014-08-08,-0.0
2014-08-11,0.0
2014-08-12,-0.0
2014-08-13,-0.0
2014-08-14,-0.0
2014-08-15,0.0
2014-08-18,-0.00012974320444053265
2014-08-19,-0.004697436800888253
2014-08-20,0.01781798802504704
2014-08-21,0.0
2014-08-22,0.0
2014-08-25,-0.00012173644570865533
2014-08-26,0.0025232728524500064
2014-08-27,0.002760858249077288
2014-08-28,0.011118018487548228
2014-08-29,-0.005635972740659323
2014-09-01,0.004542230879913877
2014-09-02,0.0
2014-09-03,-0.0
2014-09-04,0.0
2014-09-05,0.0
2014-09-08,0.0
2014-09-09,-0.0
2014-09-10,-0.00010401148916675245
2014-09-11,-0.0035326561094967085
2014-09-12,0.0003043496391126335
2014-09-15,-0.0019293081694841438
2014-09-16,0.0
2014-09-17,0.0
2014-09-18,-0.0
2014-09-19,-0.0
2014-09-22,-0.0
2014-09-23,-0.0
2014-09-24,-0.00011284481568374751
2014-09-25,-0.005244444118595981
2014-09-26,0.002584446861564468
2014-09-29,0.0025747363854772085
2014-09-30,-0.0
2014-10-01,0.0
2014-10-02,-0.0
2014-10-03,0.0
2014-10-06,0.0
2014-10-07,-0.0
2014-10-08,-0.0
2014-10-09,0.0
2014-10-10,-0.0
2014-10-13,0.0
2014-10-14,0.0
2014-10-15,-9.830439118825617e-05
2014-10-16,0.008782905000004844
2014-10-17,-0.008702159171121548
2014-10-20,0.007608725240375103
2014-10-21,0.010122452829141093
2014-10-22,-0.003653980093460424
2014-10-23,0.0
2014-10-24,-0.0
2014-10-27,0.0
2014-10-28,0.0
2014-10-29,-8.934377207303212e-05
2014-10-30,0.006554935588630414
2014-10-31,0.003976725759927267
2014-11-03,-0.0023134854716755746
2014-11-04,-0.0
2014-11-05,-8.936319867637203e-05
2014-11-06,0.001974480637621985
2014-11-07,0.004919895823023457
2014-11-10,-0.00452536214016912
2014-11-11,0.0
2014-11-12,-0.0
2014-11-13,-0.0
2014-11-14,0.0
2014-11-17,-0.0
2014-11-18,-0.0
2014-11-19,0.0
2014-11-20,-0.0
2014-11-21,0.0
2014-11-24,-0.0
2014-11-25,-0.0
2014-11-26,-0.0
2014-11-27,-0.0
2014-11-28,-0.0
2014-12-01,-9.718739219036629e-05
2014-12-02,-0.003516368146651004
2014-12-03,-0.0034366864783266773
2014-12-04,0.00934170416320766
2014-12-05,-0.0019447044112382275
2014-12-08,-0.004821432246563127
2014-12-09,0.0
2014-12-10,-0.0
2014-12-11,0.0
2014-12-12,0.0
2014-12-15,-0.0
2014-12-16,-0.0
2014-12-17,-8.920457617089417e-05
2014-12-18,-0.004949583895579324
2014-12-19,0.008004633385617257
2014-12-22,-0.004270669084181585
2014-12-23,-0.0
2014-12-24,-0.0
2014-12-25,0.0
2014-12-26,0.0
2014-12-29,-0.0
2014-12-30,0.0
2014-12-31,-0.0
2015-01-01,0.0
2015-01-02,-0.0
2015-01-05,-0.0
2015-01-06,0.0
2015-01-07,-0.00013635903986017827
2015-01-08,-0.0016352678533245197
2015-01-09,-0.002085000609482886
2015-01-12,-0.010906781722759913
2015-01-13,-0.025459423401726317
2015-01-14,-0.052023910511869983
2015-01-15,0.007142776166780657
2015-01-16,0.007296257819023493
2015-01-19,-0.0036403679870401343
2015-01-20,0.0014444233201629172
2015-01-21,0.006411069775690144
2015-01-22,-0.0
2015-01-23,-0.0
2015-01-26,-5.967805890719638e-05
2015-01-27,-0.011336692193840155
2015-01-28,0.00462022230583324
2015-01-29,-0.006086362941282495
2015-01-30,0.006951424929448434
2015-02-02,0.0002849916128155537
2015-02-03,0.0
2015-02-04,-4.8274817267963203e-05
2015-02-05,-0.000846184351760973
2015-02-06,0.003938504905311667
2015-02-09,-0.0013583878522687182
2015-02-10,-0.0
2015-02-11,-4.93332488548333e-05
2015-02-12,0.008222208142472189
2015-02-13,-0.00028648808858789803
2015-02-16,0.0006930941456899709
2015-02-17,0.006973551465799177
2015-02-18,-0.006871528268073458
2015-02-19,0.0
2015-02-20,-0.0
2015-02-23,-0.0
2015-02-24,0.0
2015-02-25,-0.0
2015-02-26,0.0
2015-02-27,0.0
2015-03-02,-7.402800332662396e-05
2015-03-03,0.006978058056357735
2015-03-04,-0.0015998542484648773
2015-03-05,-0.0
2015-03-06,-0.0
2015-03-09,-7.674575462790034e-05
2015-03-10,-0.009323110519056915
2015-03-11,-0.0031829630567111484
2015-03-12,0.0
2015-03-13,0.0
2015-03-16,-7.67699857856329e-05
2015-03-17,0.0054702854343474955
2015-03-18,0.010097299003379212
2015-03-19,0.0
2015-03-20,0.0
2015-03-23,-6.107976538693314e-05
2015-03-24,-0.0016633923035657115
2015-03-25,0.0013234936353526008
2015-03-26,-0.003353928829455136
2015-03-27,0.008080610841941201
2015-03-30,-0.0019323345221849656
2015-03-31,-0.0
2015-04-01,-6.286222666869538e-05
2015-04-02,-0.00450625280779178
2015-04-03,0.0
2015-04-06,-6.286222666869538e-05
2015-04-07,0.0
2015-04-08,-0.0
2015-04-09,-0.0
2015-04-10,0.0
2015-04-13,-0.0
2015-04-14,-0.0
2015-04-15,0.0
2015-04-16,0.0
2015-04-17,0.0
2015-04-20,-0.0
2015-04-21,-0.0
2015-04-22,-0.0
2015-04-23,0.0
2015-04-24,0.0
2015-04-27,0.0
2015-04-28,0.0
2015-04-29,-0.00011159142520797336
2015-04-30,-0.023002300829416768
2015-05-01,-0.007633194042113451
2015-05-04,-2.0074483387496393e-05
2015-05-05,-0.007626411818373055
2015-05-06,0.008469279230628547
2015-05-07,-0.0009077231418427931
2015-05-08,0.0011328810305420633
2015-05-11,0.0019561711708026576
2015-05-12,0.0
2015-05-13,-0.0
2015-05-14,-0.0
2015-05-15,0.0
2015-05-18,-0.0
2015-05-19,-0.0
2015-05-20,-8.534789982633327e-05
2015-05-21,0.002927259158030745
2015-05-22,-0.008236281653106371
2015-05-25,-4.59103269405503e-07
2015-05-26,-0.005051674441430427
2015-05-27,-0.0024097612147659375
2015-05-28,0.0013465556351781886
2015-05-29,-0.007411598236836958
2015-06-01,0.0008194130590279356
2015-06-02,0.0019509887009992572
2015-06-03,-0.003636981777594313
2015-06-04,-0.0
2015-06-05,0.0
2015-06-08,0.0
2015-06-09,0.0
2015-06-10,0.0
2015-06-11,-0.0
2015-06-12,0.0
2015-06-15,-0.0
2015-06-16,-0.0
2015-06-17,-0.00010521561099219075
2015-06-18,0.0012209528400601894
2015-06-19,-0.01170078037098211
2015-06-22,-0.0006198922578182971
2015-06-23,0.01565217127803234
2015-06-24,-0.005087493351444252
2015-06-25,0.0
2015-06-26,-0.0
2015-06-29,0.0
2015-06-30,-0.0
2015-07-01,0.0
2015-07-02,0.0
2015-07-03,-0.0
2015-07-06,-0.0
2015-07-07,-0.0
2015-07-08,-5.644763436299986e-05
2015-07-09,0.007499081859818814
2015-07-10,-0.00267365941328595
2015-07-13,1.08721442451918e-05
2015-07-14,-0.0
2015-07-15,-0.0
2015-07-16,0.0
2015-07-17,-0.0
2015-07-20,-5.889907713447501e-05
2015-07-21,-0.0017913344627273346
2015-07-22,-0.006768529646290205
2015-07-23,-0.006729043216168982
2015-07-24,-0.0007344510751133812
2015-07-27,-0.005809711482409011
2015-07-28,0.008470106815919405
2015-07-29,0.0022502916534593484
2015-07-30,-0.0
2015-07-31,-0.0
2015-08-03,-0.0
2015-08-04,0.0
2015-08-05,-0.0
2015-08-06,0.0
2015-08-07,-0.0
2015-08-10,0.0
2015-08-11,-0.0
2015-08-12,0.0
2015-08-13,-0.0
2015-08-14,-0.0
2015-08-17,-0.0
2015-08-18,-0.0
2015-08-19,-7.116126968673887e-05
2015-08-20,0.011777107028569406
2015-08-21,-0.005931264257278477
2015-08-24,-0.009831493676440223
2015-08-25,0.0
2015-08-26,-0.0
2015-08-27,0.0
2015-08-28,-0.0
2015-08-31,0.0
2015-09-01,-0.0
2015-09-02,0.0
2015-09-03,0.0
2015-09-04,-0.0
2015-09-07,0.0
2015-09-08,0.0
2015-09-09,-4.990990729173732e-05
2015-09-10,-0.0020466317994748133
2015-09-11,0.0017259199755077707
2015-09-14,0.003779349528898637
2015-09-15,-0.0023674697684418454
2015-09-16,-0.0020291043076807497
2015-09-17,0.0
2015-09-18,-0.0
2015-09-21,-5.128400768695685e-05
2015-09-22,-0.012393554081367442
2015-09-23,-0.0014155200175739295
2015-09-24,-0.0003927975984652879
2015-09-25,-0.0018352329159998374
2015-09-28,-0.003832352640167904
2015-09-29,0.0003978983344891629
2015-09-30,0.01509871907428659
2015-10-01,-0.004456004101498274
2015-10-02,0.00034714246491627783
2015-10-05,0.00523071446587607
2015-10-06,-0.0005869818816431285
2015-10-07,-0.0001559149047177956
2015-10-08,0.00443598644706432
2015-10-09,-0.013787408704020777
2015-10-12,-0.001678227643950208
2015-10-13,0.0031342512283023143
2015-10-14,-0.0019562324982658674
2015-10-15,-0.000679625298321195
2015-10-16,0.0017338753345786365
2015-10-19,0.005921380513374764
2015-10-20,-0.0
2015-10-21,-0.0
2015-10-22,0.0
2015-10-23,-0.0
2015-10-26,0.0
2015-10-27,0.0
2015-10-28,-0.0
2015-10-29,-0.0
2015-10-30,-0.0
2015-11-02,0.0
2015-11-03,0.0
2015-11-04,0.0
2015-11-05,-0.0
2015-11-06,-0.0
2015-11-09,-0.0001196566807211591
2015-11-10,-0.006186922116256529
2015-11-11,0.0028340171856575764
2015-11-12,-0.019317688119014534
2015-11-13,0.0002484888072966443
2015-11-16,-0.022383679011178333
2015-11-17,-0.0007950506195302449
2015-11-18,-0.00968570861355826
2015-11-19,0.0026224922463233603
2015-11-20,-0.0067629817155897345
2015-11-23,-0.01218594192842976
2015-11-24,0.016333230518430723
2015-11-25,-0.00805071151415495
2015-11-26,0.0
2015-11-27,-0.0
2015-11-30,0.0
2015-12-01,0.0
2015-12-02,-0.0
2015-12-03,-0.0
2015-12-04,0.0
2015-12-07,-0.0
2015-12-08,0.0
2015-12-09,-0.0
2015-12-10,0.0
2015-12-11,0.0
2015-12-14,-6.64824602958797e-05
2015-12-15,0.010150718110244199
2015-12-16,-0.0043384477805130835
2015-12-17,-0.0
2015-12-18,0.0
2015-12-21,0.0
2015-12-22,-0.0
2015-12-23,-6.627077183994282e-05
2015-12-24,0.0026208779823706035
2015-12-25,-0.0
2015-12-28,-6.627077183994282e-05
2015-12-29,0.0
2015-12-30,0.0
2015-12-31,-0.0
2016-01-01,0.0
2016-01-04,-0.0
2016-01-05,0.0
2016-01-06,-0.0
2016-01-07,-0.0
2016-01-08,-0.0
2016-01-11,-7.112432786298233e-05
2016-01-12,-0.003782921472843093
2016-01-13,0.004355398442348859
2016-01-14,0.002633733979382842
2016-01-15,-0.009419832836111305
2016-01-18,0.005216359453094231
2016-01-19,0.00403607276535515
2016-01-20,-0.006420213402308384
2016-01-21,0.0
2016-01-22,0.0
2016-01-25,-0.0
2016-01-26,0.0
2016-01-27,-7.303707174707716e-05
2016-01-28,0.006364886426760515
2016-01-29,-0.0033320812717577363
2016-02-01,3.371886152349559e-05
2016-02-02,-0.0
2016-02-03,0.0
2016-02-04,0.0
2016-02-05,-0.0
2016-02-08,-0.0
2016-02-09,-0.0
2016-02-10,-7.315455451425508e-05
2016-02-11,0.00010974280605197807
2016-02-12,0.006034496435371659
2016-02-15,0.006646226749017377
2016-02-16,-0.0
2016-02-17,-7.659665063853019e-05
2016-02-18,0.0015022223921263302
2016-02-19,-0.005077984342772185
2016-02-22,-0.008068220490647378
2016-02-23,0.005424070222043517
2016-02-24,0.00025764853071989357
2016-02-25,-0.0
2016-02-26,0.0
2016-02-29,-0.0
2016-03-01,0.0
2016-03-02,-7.98959762319568e-05
2016-03-03,-0.007227889290295268
2016-03-04,-0.018924896532801317
2016-03-07,0.0029055550233054897
2016-03-08,0.012664272371208204
2016-03-09,-0.0066743365808589585
2016-03-10,-0.0
2016-03-11,0.0
2016-03-14,-0.0
2016-03-15,0.0
2016-03-16,-0.0
2016-03-17,0.0
2016-03-18,-0.0
2016-03-21,0.0
2016-03-22,0.0
2016-03-23,-0.0
2016-03-24,-0.0
2016-03-25,0.0
2016-03-28,-6.679990238105472e-05
2016-03-29,-0.004908115510303313
2016-03-30,-0.0015949337358789493
2016-03-31,-0.0023273403873187016
2016-04-01,-0.0010799190338897102
2016-04-04,-0.006786566840521084
2016-04-05,0.0
2016-04-06,-9.042762914539745e-05
2016-04-07,-0.01706775839142134
2016-04-08,-6.481570379198821e-05
2016-04-11,0.0017483666231579965
2016-04-12,0.013043070305501196
2016-04-13,0.0077787724214015645
2016-04-14,0.0
2016-04-15,-0.0
2016-04-18,-8.855645125878568e-05
2016-04-19,-0.013331473223130452
2016-04-20,-0.005392291060304769
2016-04-21,-0.0016820323382693756
2016-04-22,-0.0035628740321102656
2016-04-25,0.003428697944738078
2016-04-26,0.004060564434908182
2016-04-27,0.006618534281127112
2016-04-28,0.0
2016-04-29,0.0
2016-05-02,0.0
2016-05-03,-0.0
2016-05-04,-0.0
2016-05-05,-0.0
2016-05-06,0.0
2016-05-09,-6.942053779514613e-05
2016-05-10,-0.0005925782142138087
2016-05-11,0.002764405454508385
2016-05-12,-0.009944654709653698
2016-05-13,0.001549127291086355
2016-05-16,0.0018618609723123523
2016-05-17,0.0012401878189075859
2016-05-18,-0.004659187609260328
2016-05-19,-0.0
2016-05-20,-0.0
2016-05-23,-0.0
2016-05-24,0.0
2016-05-25,0.0
2016-05-26,0.0
2016-05-27,0.0
2016-05-30,-8.837463932903351e-05
2016-05-31,0.0030117022987529926
2016-06-01,0.006722772900480868
2016-06-02,-0.0
2016-06-03,0.0
2016-06-06,0.0
2016-06-07,-0.0
2016-06-08,0.0
2016-06-09,-0.0
2016-06-10,-0.0
2016-06-13,-9.762426379779597e-05
2016-06-14,-0.006641106380802455
2016-06-15,0.018516025412757896
2016-06-16,-0.0
2016-06-17,0.0
2016-06-20,0.0
2016-06-21,0.0
2016-06-22,-7.1858012832522e-05
2016-06-23,-0.008050461623440697
2016-06-24,0.008218071202603629
2016-06-27,-0.001295493820964062
2016-06-28,0.0
2016-06-29,-6.453236285848421e-05
2016-06-30,-0.0006224700840696956
2016-07-01,-0.005860524181162682
2016-07-04,0.0015739964120452079
2016-07-05,0.006977202004697037
2016-07-06,0.0061806203119198905
2016-07-07,-0.0
2016-07-08,0.0
2016-07-11,-6.908354680476525e-05
2016-07-12,0.011637573687894793
2016-07-13,0.006391426480784105
2016-07-14,-0.00026802526382547245
2016-07-15,0.0020536127176490563
2016-07-18,-0.0018958697007840947
2016-07-19,-0.004752285175256272
2016-07-20,0.0018055124664604306
2016-07-21,0.0
2016-07-22,-0.0
2016-07-25,-0.0
2016-07-26,0.0
2016-07-27,-0.0
2016-07-28,0.0
2016-07-29,0.0
2016-08-01,-0.0
2016-08-02,0.0
2016-08-03,-0.0
2016-08-04,-0.0
2016-08-05,-0.0
2016-08-08,-0.00010022489389002829
2016-08-09,-0.0043062670971460715
2016-08-10,0.005771917874305874
2016-08-11,0.0
2016-08-12,-0.0
2016-08-15,0.0
2016-08-16,0.0
2016-08-17,-0.0
2016-08-18,0.0
2016-08-19,-0.0
2016-08-22,-0.0
2016-08-23,-0.0
2016-08-24,-0.00010819991287294253
2016-08-25,-0.000934368850370837
2016-08-26,-0.0017152313612946587
2016-08-29,-1.6660052505254206e-05
2016-08-30,-0.0014429465121351646
2016-08-31,0.0016819552488349834
2016-09-01,0.0
2016-09-02,-0.0
2016-09-05,-0.0
2016-09-06,-0.0
2016-09-07,0.0
2016-09-08,0.0
2016-09-09,-0.0
2016-09-12,0.0
2016-09-13,0.0
2016-09-14,0.0
2016-09-15,0.0
2016-09-16,0.0
2016-09-19,-0.00012141109900521347
2016-09-20,-0.002881056229883634
2016-09-21,0.004944772877844893
2016-09-22,0.0
2016-09-23,0.0
2016-09-26,-0.0
2016-09-27,-0.0
2016-09-28,0.0
2016-09-29,0.0
2016-09-30,0.0
2016-10-03,-0.0
2016-10-04,-0.0
2016-10-05,-0.0
2016-10-06,-0.0
2016-10-07,0.0
2016-10-10,0.0
2016-10-11,-0.0
2016-10-12,0.0
2016-10-13,-0.0
2016-10-14,-0.0
2016-10-17,-0.00010831226655046298
2016-10-18,0.0009267359704852036
2016-10-19,-0.0016508924353244507
2016-10-20,-0.0
2016-10-21,-0.0
2016-10-24,0.0
2016-10-25,0.0
2016-10-26,0.0
2016-10-27,0.0
2016-10-28,0.0
2016-10-31,-0.00010504895301832599
2016-11-01,-0.009668630884302271
2016-11-02,-1.9299730436863558e-06
2016-11-03,-0.005589104605671479
2016-11-04,-0.004296624165610046
2016-11-07,-0.01474553099542795
2016-11-08,-0.0172181274773389
2016-11-09,-0.021662178400712793
2016-11-10,-0.01779806769767907
2016-11-11,0.004757631524074268
2016-11-14,-0.0009235428171874267
2016-11-15,0.0031326380257777563
2016-11-16,0.008451885388842891
2016-11-17,0.0
2016-11-18,-0.0
2016-11-21,-6.657034057652233e-05
2016-11-22,0.004311085196536792
2016-11-23,0.00990813979105678
2016-11-24,-0.009927917334598002
2016-11-25,-0.0008345697806249414
2016-11-28,-0.00015322258239026273
2016-11-29,0.012971152837641636
2016-11-30,-0.009181819633101388
2016-12-01,-0.0
2016-12-02,-0.0
2016-12-05,0.0
2016-12-06,-0.0
2016-12-07,-5.108044478848141e-05
2016-12-08,0.0001765961790440023
2016-12-09,-0.002591421158414836
2016-12-12,0.003339085246631519
2016-12-13,-0.0
2016-12-14,-5.828961498827971e-05
2016-12-15,0.0006791286844725625
2016-12-16,-0.00654215846286227
2016-12-19,-0.00962112617216516
2016-12-20,0.0004106538196528878
2016-12-21,0.0008850098781772581
2016-12-22,0.00021829053763799475
2016-12-23,-0.003563473688449778
2016-12-26,-6.019361575367113e-05
2016-12-27,0.0
2016-12-28,0.0
2016-12-29,-0.0
2016-12-30,0.0
2017-01-02,0.0
2017-01-03,-0.0
2017-01-04,0.0
2017-01-05,-0.0
2017-01-06,0.0
2017-01-09,0.0
2017-01-10,0.0
2017-01-11,-7.648858680657557e-05
2017-01-12,-0.011422866773120613
2017-01-13,-0.005848151678695207
2017-01-16,0.003793793259225076
2017-01-17,0.009242307440666795
2017-01-18,-0.0013463056026914119
2017-01-19,-0.0
2017-01-20,0.0
2017-01-23,0.0
2017-01-24,0.0
2017-01-25,-7.169737758078699e-05
2017-01-26,0.006837514971801751
2017-01-27,-0.003427567990886224
2017-01-30,0.006329492461241829
2017-01-31,0.0
2017-02-01,-0.0
2017-02-02,-0.0
2017-02-03,-0.0
2017-02-06,-6.355693443642484e-05
2017-02-07,-0.0036964347773493812
2017-02-08,0.007308422763128654
2017-02-09,-0.005517381856123608
2017-02-10,0.020509571392440164
2017-02-13,0.0010466619891302913
2017-02-14,0.005296744595859178
2017-02-15,-0.0029082160069021892
2017-02-16,0.004295840789397433
2017-02-17,0.00259332000689297
2017-02-20,-0.007237843007828556
2017-02-21,-0.0
2017-02-22,-0.0
2017-02-23,-0.0
2017-02-24,0.0
2017-02-27,0.0
2017-02-28,0.0
2017-03-01,0.0
2017-03-02,-0.0
2017-03-03,-0.0
2017-03-06,-0.0
2017-03-07,-0.0
2017-03-08,-6.121863848297805e-05
2017-03-09,-0.005344442176700297
2017-03-10,0.003012516480708979
2017-03-13,0.004495646752201614
2017-03-14,0.0
2017-03-15,0.0
2017-03-16,0.0
2017-03-17,0.0
2017-03-20,-8.508817879601038e-05
2017-03-21,0.010033073236717751
2017-03-22,-0.0032277725295258193
2017-03-23,0.0
2017-03-24,-0.0
2017-03-27,-0.0
2017-03-28,0.0
2017-03-29,0.0
2017-03-30,0.0
2017-03-31,-0.0
2017-04-03,-0.0
2017-04-04,0.0
2017-04-05,-8.654946471975957e-05
2017-04-06,-0.0036215212831564657
2017-04-07,-0.0023639321193515603
2017-04-10,-0.008691055727568646
2017-04-11,0.0
2017-04-12,-0.0
2017-04-13,0.0
2017-04-14,0.0
2017-04-17,0.0
2017-04-18,-0.0
2017-04-19,-7.892119890808644e-05
2017-04-20,0.006344756811665249
2017-04-21,0.0
2017-04-24,0.002915302957898803
2017-04-25,0.0
2017-04-26,-8.166024235346912e-05
2017-04-27,0.0021909426353220037
2017-04-28,-0.0041604831838556264
2017-05-01,-8.166024235346912e-05
2017-05-02,0.0
2017-05-03,-7.325936707460492e-05
2017-05-04,0.00497117133720536
2017-05-05,-0.0037006355368734657
2017-05-08,0.008509652311379174
2017-05-09,0.002351257077253396
2017-05-10,-0.0010366268971783669
2017-05-11,0.003913283976038061
2017-05-12,0.0015076261757521864
2017-05-15,0.004797884867913133
2017-05-16,-0.0
2017-05-17,-0.0
2017-05-18,-0.0
2017-05-19,0.0
2017-05-22,0.0
2017-05-23,0.0
2017-05-24,-8.663580100417941e-05
2017-05-25,-0.004269275656664956
2017-05-26,0.00671008707987178
2017-05-29,-8.663580100417941e-05
2017-05-30,-0.0
2017-05-31,0.0
2017-06-01,0.0
2017-06-02,-0.0
2017-06-05,-0.0
2017-06-06,-0.0
2017-06-07,0.0
2017-06-08,0.0
2017-06-09,0.0
2017-06-12,-0.00011962808086574387
2017-06-13,0.007599381436377821
2017-06-14,0.002391368893751907
2017-06-15,-0.0
2017-06-16,0.0
2017-06-19,0.0
2017-06-20,-0.0
2017-06-21,0.0
2017-06-22,0.0
2017-06-23,0.0
2017-06-26,-0.00011631521496395603
2017-06-27,-0.008497731929946496
2017-06-28,-0.0030481172558270036
2017-06-29,-0.007541108328230744
2017-06-30,0.0003796375456113681
2017-07-03,0.0011390557321219645
2017-07-04,0.004547366286470356
2017-07-05,0.0063691434053681105
2017-07-06,0.0
2017-07-07,-0.0
2017-07-10,-0.0
2017-07-11,0.0
2017-07-12,0.0
2017-07-13,-0.0
2017-07-14,0.0
2017-07-17,0.0
2017-07-18,0.0
2017-07-19,-0.00014050499316070017
2017-07-20,0.0012559456356720212
2017-07-21,-0.007152781392198007
2017-07-24,-0.0037287959577355957
2017-07-25,0.0
2017-07-26,-0.00010269966505505743
2017-07-27,-0.00010817892774529439
2017-07-28,0.0005408091893368135
2017-07-31,-0.004763362890443001
2017-08-01,0.0025920436728366133
2017-08-02,-0.0008620518990117652
2017-08-03,0.0
2017-08-04,0.0
2017-08-07,0.0
2017-08-08,0.0
2017-08-09,-0.00010992134311094857
2017-08-10,0.0036328251789830867
2017-08-11,0.0013690965979878253
2017-08-14,0.001490347781365996
2017-08-15,-0.0
2017-08-16,0.0
2017-08-17,-0.0
2017-08-18,-0.0
2017-08-21,0.0
2017-08-22,-0.0
2017-08-23,-0.00012098590642588607
2017-08-24,-0.016094596335913734
2017-08-25,0.0036136770139153216
2017-08-28,-6.177095746396094e-06
2017-08-29,-0.014409946734949568
2017-08-30,0.0025273296152762375
2017-08-31,-0.001991439623982166
2017-09-01,-0.004912404058962682
2017-09-04,-0.0086180643052945
2017-09-05,-0.0
2017-09-06,0.0
2017-09-07,-0.0
2017-09-08,-0.0
2017-09-11,-8.35499317282852e-05
2017-09-12,-0.006603432659813073
2017-09-13,-0.009613377978409462
2017-09-14,-0.004280081473329137
2017-09-15,0.0007063050590462811
2017-09-18,0.0015606367445928793
2017-09-19,0.0010204011980776107
2017-09-20,-0.0011866579833865012
2017-09-21,-0.0
2017-09-22,0.0
2017-09-25,-0.0
2017-09-26,-0.0
2017-09-27,0.0
2017-09-28,0.0
2017-09-29,-0.0
2017-10-02,0.0
2017-10-03,0.0
2017-10-04,0.0
2017-10-05,0.0
2017-10-06,-0.0
2017-10-09,-0.00010290938986402068
2017-10-10,-0.009674450092227222
2017-10-11,-0.004059723419631904
2017-10-12,-0.008762092130497156
2017-10-13,0.0004972071860141175
2017-10-16,-0.0251436911918114
2017-10-17,0.008663100052146322
2017-10-18,0.0030207158293968205
2017-10-19,0.0017466643348930365
2017-10-20,0.0011428894946582688
2017-10-23,-0.0040501906815067915
2017-10-24,0.0
2017-10-25,-0.0
2017-10-26,-0.0
2017-10-27,-0.0
2017-10-30,-7.567857906497456e-05
2017-10-31,-0.0020571818977906534
2017-11-01,0.006711492352838498
2017-11-02,-7.114653365904062e-05
2017-11-03,-0.002419331254257014
2017-11-06,0.005289119446469418
2017-11-07,-0.0
2017-11-08,0.0
2017-11-09,-0.0
2017-11-10,-0.0
2017-11-13,0.0
2017-11-14,-0.0
2017-11-15,0.0
2017-11-16,-0.0
2017-11-17,0.0
2017-11-20,0.0
2017-11-21,0.0
2017-11-22,-8.950112442363999e-05
2017-11-23,-0.0007722271304886388
2017-11-24,-0.003341992295008774
2017-11-27,0.0051034335597574835
2017-11-28,0.013019368825441387
2017-11-29,0.0041734964627073564
2017-11-30,0.00017766495045711745
2017-12-01,0.006305240285519771
2017-12-04,-0.0007052601965894917
2017-12-05,-0.0
2017-12-06,-7.507445916886993e-05
2017-12-07,0.0010697632858668973
2017-12-08,0.0005337408228540742
2017-12-11,0.007465504303797786
2017-12-12,-0.0
2017-12-13,-7.892358953256556e-05
2017-12-14,-0.005004319344215803
2017-12-15,-0.007203389593727428
2017-12-18,-0.001454263522674634
2017-12-19,-0.002730821775345724
2017-12-20,-0.00748862834304538
2017-12-21,-0.003017161457591858
2017-12-22,-0.002785044040508379
2017-12-25,-6.91103146169103e-08
2017-12-26,-0.0
2017-12-27,-0.008250766465835552
2017-12-28,0.0
2017-12-29,-0.0
2018-01-01,-8.16122846782482e-05
2018-01-02,0.003153227502402279
2018-01-03,0.004298228114432019
2018-01-04,0.0
2018-01-05,-0.0
2018-01-08,0.0
2018-01-09,-0.0
2018-01-10,0.0
2018-01-11,-0.0
2018-01-12,-0.0
2018-01-15,0.0
2018-01-16,-0.0
2018-01-17,-0.0
2018-01-18,0.0
2018-01-19,-0.0
2018-01-22,0.0
2018-01-23,-0.0
2018-01-24,-8.205583535735425e-05
2018-01-25,-0.000918107248753634
2018-01-26,-0.004061790673334965
2018-01-29,-0.0001689620099581868
2018-01-30,0.0028621181943346077
2018-01-31,-0.005675199198578672
2018-02-01,0.0
2018-02-02,-0.0
2018-02-05,0.0
2018-02-06,-0.0
2018-02-07,-0.0
2018-02-08,-0.0
2018-02-09,-0.0
2018-02-12,-6.909249267434656e-05
2018-02-13,0.010586562582220625
2018-02-14,0.011466097564576842
2018-02-15,0.0
2018-02-16,0.0
2018-02-19,-6.235678368449466e-05
2018-02-20,0.0016352813928686611
2018-02-21,-0.001762729822565879
2018-02-22,0.0
2018-02-23,-0.0
2018-02-26,0.0
2018-02-27,-0.0
2018-02-28,-7.110858525565364e-05
2018-03-01,-0.0006155699199739358
2018-03-02,-0.0016436540943231138
2018-03-05,0.0008228108235087871
2018-03-06,0.006618921039396364
2018-03-07,-0.003824311974142903
2018-03-08,-0.0
2018-03-09,0.0
2018-03-12,-0.0
2018-03-13,0.0
2018-03-14,0.0
2018-03-15,-0.0
2018-03-16,-0.0
2018-03-19,-0.0
2018-03-20,-0.0
2018-03-21,-0.00010274627186945952
2018-03-22,-0.00988187314707004
2018-03-23,-0.003580900687509174
2018-03-26,-0.005965650696842362
2018-03-27,0.0048573117704115865
2018-03-28,0.0015395198278112417
2018-03-29,0.0
2018-03-30,0.0
2018-04-02,0.0
2018-04-03,0.0
2018-04-04,-0.0001020867543555109
2018-04-05,-0.009311899068715981
2018-04-06,0.004692955256953238
2018-04-09,-0.006235234945310569
2018-04-10,0.0
2018-04-11,-0.00010488450298364697
2018-04-12,0.012978514038264234
2018-04-13,-0.0009226022839787916
2018-04-16,-0.008346175366998854
2018-04-17,-0.0
2018-04-18,0.0
2018-04-19,-0.0
2018-04-20,0.0
2018-04-23,-9.699952264450307e-05
2018-04-24,-0.0064726884364685894
2018-04-25,0.00036404673737026666
2018-04-26,-0.0
2018-04-27,-0.0
2018-04-30,-8.484170246543464e-05
2018-05-01,-0.005151741396461404
2018-05-02,0.006288156890817774
2018-05-03,0.0005732018218261815
2018-05-04,-8.18020135356199e-05
2018-05-07,-8.376935196117279e-05
2018-05-08,-0.0
2018-05-09,0.0
2018-05-10,0.0
2018-05-11,0.0
2018-05-14,-9.289540405909014e-05
2018-05-15,0.0069261158194625265
2018-05-16,-0.001730299705923216
2018-05-17,0.0
2018-05-18,-0.0
2018-05-21,0.0
2018-05-22,0.0
2018-05-23,-9.54633315000111e-05
2018-05-24,-0.0012048185131791026
2018-05-25,-0.00046251614098846206
2018-05-28,-9.54633315000111e-05
2018-05-29,-0.0
2018-05-30,-0.0
2018-05-31,0.0
2018-06-01,0.0
2018-06-04,0.0
2018-06-05,0.0
2018-06-06,-0.00010542367892850994
2018-06-07,-0.01090254112649403
2018-06-08,0.0019171427337426944
2018-06-11,0.005476206516569765
2018-06-12,0.0031181626657322535
2018-06-13,-0.0034250822828335707
2018-06-14,-0.0
2018-06-15,-0.0
2018-06-18,-9.044456931387056e-05
2018-06-19,-0.01073628814371045
2018-06-20,-0.005909292620741638
2018-06-21,0.0011180583556195168
2018-06-22,0.00025751918800958864
2018-06-25,-0.002921229362050666
2018-06-26,-0.0037863008203372203
2018-06-27,-0.00195098242323288
2018-06-28,-0.0
2018-06-29,0.0
2018-07-02,-8.741549678920513e-05
2018-07-03,-0.0028589053066120453
2018-07-04,-0.009438657815578429
2018-07-05,-0.004239274382567393
2018-07-06,-0.006556099064159424
2018-07-09,0.011338200669254027
2018-07-10,-0.006753777101199412
2018-07-11,-0.022335742388130134
2018-07-12,0.0
2018-07-13,0.0
2018-07-16,-0.0
2018-07-17,-0.0
2018-07-18,-9.795932634031002e-05
2018-07-19,-0.009026062589622045
2018-07-20,0.00888336842327623
2018-07-23,-0.001957022046638962
2018-07-24,0.0
2018-07-25,-7.613952258515035e-05
2018-07-26,-8.069901704838986e-05
2018-07-27,-0.0004841171361319215
2018-07-30,0.0037124979889304644
2018-07-31,0.0
2018-08-01,-0.0
2018-08-02,-0.0
2018-08-03,0.0
2018-08-06,-0.0
2018-08-07,0.0
2018-08-08,-0.0
2018-08-09,0.0
2018-08-10,-0.0
2018-08-13,-0.0
2018-08-14,-0.0
2018-08-15,-6.942117796382937e-05
2018-08-16,0.010929956192661728
2018-08-17,-0.0009352802689636853
2018-08-20,0.00511182886313799
2018-08-21,0.003919430180612289
2018-08-22,-0.0029703209989408964
2018-08-23,-0.0
2018-08-24,0.0
2018-08-27,-6.76045901660414e-05
2018-08-28,-0.0031006200239953427
2018-08-29,0.004472383831729328
2018-08-30,0.001478279879829535
2018-08-31,0.006748350088414606
2018-09-03,0.00046440756115203355
2018-09-04,-0.011957799970113819
2018-09-05,0.004516331930714555
2018-09-06,0.004239711834907973
2018-09-07,0.0004087813737681126
2018-09-10,-0.001773947915494013
2018-09-11,-0.0
2018-09-12,0.0
2018-09-13,0.0
2018-09-14,-0.0
2018-09-17,-0.0
2018-09-18,0.0
2018-09-19,-7.839249313837374e-05
2018-09-20,0.003329855941182353
2018-09-21,-0.02414588465623483
2018-09-24,0.0008060501396614589
2018-09-25,0.002317753626500446
2018-09-26,0.002396700931366763
2018-09-27,0.00631367483670458
2018-09-28,-0.004791094872979235
2018-10-01,0.0005378065199404593
2018-10-02,0.0
2018-10-03,-0.0
2018-10-04,0.0
2018-10-05,-0.0
2018-10-08,0.0
2018-10-09,0.0
2018-10-10,-0.0
2018-10-11,0.0
2018-10-12,0.0
2018-10-15,-0.0
2018-10-16,-0.0
2018-10-17,0.0
2018-10-18,-0.0
2018-10-19,0.0
2018-10-22,0.0
2018-10-23,-0.0
2018-10-24,-0.0
2018-10-25,0.0
2018-10-26,-0.0
2018-10-29,0.0
2018-10-30,-0.0
2018-10-31,-9.989133487508144e-05
2018-11-01,0.010891578568934171
2018-11-02,0.02110457321389241
2018-11-05,-0.00992883145612147
2018-11-06,0.002763119948010373
2018-11-07,0.0003431413508944835
2018-11-08,0.0
2018-11-09,-0.0
2018-11-12,-8.165442351447653e-05
2018-11-13,0.0021598128223369586
2018-11-14,0.0014421670812289765
2018-11-15,0.0
2018-11-16,0.0
2018-11-19,-8.122362482615112e-05
2018-11-20,0.006488546479162078
2018-11-21,-0.004546946852654641
2018-11-22,0.0
2018-11-23,-0.0
2018-11-26,-0.0
2018-11-27,-0.0
2018-11-28,-8.330977126172294e-05
2018-11-29,0.0010749647904738533
2018-11-30,-0.001206999261679814
2018-12-03,0.008563290671594089
2018-12-04,-0.0
2018-12-05,-0.0
2018-12-06,-0.0
2018-12-07,0.0
2018-12-10,-0.0
2018-12-11,0.0
2018-12-12,-0.0
2018-12-13,0.0
2018-12-14,-0.0
2018-12-17,-0.0
2018-12-18,-0.0
2018-12-19,-9.067719531901975e-05
2018-12-20,-0.0015075177941648902
2018-12-21,-0.0009067719531901648
2018-12-24,-0.003672761915538429
2018-12-25,0.0
2018-12-26,0.0
2018-12-27,0.0
2018-12-28,0.0
2018-12-31,-0.0
2019-01-01,0.0
2019-01-02,-0.0
2019-01-03,-0.0
2019-01-04,0.0
2019-01-07,0.0
2019-01-08,-0.0
2019-01-09,0.0
2019-01-10,-0.0
2019-01-11,0.0
2019-01-14,-0.0
2019-01-15,0.0
2019-01-16,0.0
2019-01-17,0.0
2019-01-18,0.0
2019-01-21,-8.907856802943928e-05
2019-01-22,0.004567367919917735
2019-01-23,-0.0017400714042953415
2019-01-24,-0.0
2019-01-25,0.0
2019-01-28,-0.0
2019-01-29,0.0
2019-01-30,-7.68385883581469e-05
2019-01-31,-0.002754968943740588
2019-02-01,0.0024911197392818146
2019-02-04,-0.0024966887945657074
2019-02-05,0.0
2019-02-06,-0.00011161956200549733
2019-02-07,0.0039108621820687405
2019-02-08,0.0042889361001151646
2019-02-11,0.0070780462676561995
2019-02-12,-0.0
2019-02-13,-0.00010598357812045323
2019-02-14,0.001384275306063048
2019-02-15,0.00587166637786439
2019-02-18,0.00982783596128851
2019-02-19,0.0
2019-02-20,-0.00010938810921116239
2019-02-21,0.0028464249079147154
2019-02-22,-0.011201708153285164
2019-02-25,-0.0002343089140249774
2019-02-26,-0.0015855334862740923
2019-02-27,-0.0016515219666229483
2019-02-28,-0.00032493691837221953
2019-03-01,0.0040276702314373004
2019-03-04,0.008880862732741137
2019-03-05,0.0
2019-03-06,-0.0
2019-03-07,-0.0
2019-03-08,-0.0
2019-03-11,0.0
2019-03-12,0.0
2019-03-13,0.0
2019-03-14,-0.0
2019-03-15,0.0
2019-03-18,-0.0
2019-03-19,0.0
2019-03-20,-0.0
2019-03-21,-0.0
2019-03-22,-0.0
2019-03-25,-0.00014330287012566308
2019-03-26,-0.0015068650907009698
2019-03-27,0.0007540154750635268
2019-03-28,0.003786114106770756
2019-03-29,0.01847903475555396
2019-04-01,-0.0019661896238964997
2019-04-02,0.005514984946050664
2019-04-03,-0.008294066627009334
2019-04-04,-0.0
2019-04-05,-0.0
2019-04-08,0.0
2019-04-09,0.0
2019-04-10,-0.0
2019-04-11,-0.0
2019-04-12,0.0
2019-04-15,-0.0
2019-04-16,0.0
2019-04-17,0.0
2019-04-18,-0.0
2019-04-19,0.0
2019-04-22,0.0
2019-04-23,-0.0
2019-04-24,0.0
2019-04-25,-0.0
2019-04-26,0.0
2019-04-29,-0.0
2019-04-30,0.0
2019-05-01,-0.0
2019-05-02,-0.0
2019-05-03,0.0
2019-05-06,-9.757708379780845e-05
2019-05-07,-0.005841689857469816
2019-05-08,-0.0034659338060522853
2019-05-09,-0.0
2019-05-10,0.0
2019-05-13,-0.0
2019-05-14,0.0
2019-05-15,-9.53176593895134e-05
2019-05-16,0.0015664364731226882
2019-05-17,-0.004583581435124142
2019-05-20,-0.002928405289857202
2019-05-21,-0.0
2019-05-22,-0.0
2019-05-23,-0.0
2019-05-24,0.0
2019-05-27,0.0
2019-05-28,0.0
2019-05-29,-0.0
2019-05-30,-0.0
2019-05-31,-0.0
2019-06-03,-0.00014386008352423838
2019-06-04,0.006074201860546411
2019-06-05,-0.01188953793547772
2019-06-06,0.0
2019-06-07,-0.0
2019-06-10,0.0
2019-06-11,0.0
2019-06-12,-0.0
2019-06-13,0.0
2019-06-14,-0.0
2019-06-17,0.0
2019-06-18,0.0
2019-06-19,-0.00012860136638654073
2019-06-20,-0.007967866566700147
2019-06-21,0.00028707264107717657
2019-06-24,0.0014508270155170772
2019-06-25,0.0
2019-06-26,-0.0
2019-06-27,0.0
2019-06-28,0.0
2019-07-01,-0.0
2019-07-02,-0.0
2019-07-03,-0.00012059924737607675
2019-07-04,0.00027171172102301755
2019-07-05,-0.0024445793387043004
2019-07-08,-0.0014828408307497743
2019-07-09,-0.0
2019-07-10,-0.00011071488243875013
2019-07-11,0.0018638869097433214
2019-07-12,-0.002478922640666133
2019-07-15,0.005858748029170358
2019-07-16,0.0
2019-07-17,-0.00012095440170230919
2019-07-18,-0.00040452977157962017
2019-07-19,-0.01105160280749832
2019-07-22,0.006309421860403184
2019-07-23,0.0063113964292737315
2019-07-24,-0.004100462788898365
2019-07-25,0.0
2019-07-26,-0.0
2019-07-29,0.0
2019-07-30,-0.0
2019-07-31,-0.0
2019-08-01,-0.0
2019-08-02,-0.0
2019-08-05,-9.300971700620479e-05
2019-08-06,-0.0002181406438140416
2019-08-07,0.0023985427908677884
2019-08-08,0.010308896278777525
2019-08-09,-0.004690024536878314
2019-08-12,-0.0015233671891692847
2019-08-13,0.0
2019-08-14,-9.282229790189777e-05
2019-08-15,0.0015027605326702438
2019-08-16,0.0007532093958306158
2019-08-19,-0.0033247964588315063
2019-08-20,-0.0
2019-08-21,-9.673332734718425e-05
2019-08-22,-0.005512832100502459
2019-08-23,-0.0056738417119586914
2019-08-26,-1.6738440595421287e-07
2019-08-27,0.005734109222624897
2019-08-28,0.0006988116259464117
2019-08-29,0.0
2019-08-30,-0.0
2019-09-02,-0.0
2019-09-03,-0.0
2019-09-04,-9.861684761013428e-05
2019-09-05,0.011094681301534437
2019-09-06,-0.0013497601041592418
2019-09-09,-0.0022269744666147057
2019-09-10,-0.0011413270360325187
2019-09-11,0.00597761833595448
2019-09-12,-0.007239682439645015
2019-09-13,-0.01675685636985166
2019-09-16,0.012063366113567495
2019-09-17,0.004723014578072415
2019-09-18,0.0005955263138151605
2019-09-19,-0.0
2019-09-20,0.0
2019-09-23,-8.856809824950342e-05
2019-09-24,0.00020438005826588028
2019-09-25,0.0006265145865792877
2019-09-26,-0.0
2019-09-27,0.0
2019-09-30,-0.0
2019-10-01,-0.0
2019-10-02,-0.0
2019-10-03,-0.0
2019-10-04,-0.0
2019-10-07,-0.0001052026004814131
2019-10-08,-0.005699546688087727
2019-10-09,0.0009451860338145369
2019-10-10,0.0
2019-10-11,0.0
2019-10-14,-0.00012165582463827978
2019-10-15,0.006273074491489182
2019-10-16,0.0059193401444662145
2019-10-17,0.0
2019-10-18,0.0
2019-10-21,0.0
2019-10-22,-0.0
2019-10-23,0.0
2019-10-24,-0.0
2019-10-25,0.0
2019-10-28,-0.0001291796498988818
2019-10-29,-0.002842477062771509
2019-10-30,0.0028255920909736896
2019-10-31,0.01712390805978665
2019-11-01,-0.00833283849414591
2019-11-04,-0.004457786955809035
2019-11-05,0.008182867785012498
2019-11-06,-0.004474639602747716
2019-11-07,-0.009023634673778239
2019-11-08,0.006791702129422567
2019-11-11,0.005857785465541319
2019-11-12,-0.0
2019-11-13,-0.00011968110412532222
2019-11-14,-0.0031450047356554153
2019-11-15,0.0050793769816895405
2019-11-18,-0.002711509882128519
2019-11-19,0.0
2019-11-20,0.0
2019-11-21,-0.0
2019-11-22,0.0
2019-11-25,0.0
2019-11-26,0.0
2019-11-27,-0.0001237686569521675
2019-11-28,0.007356028952581884
2019-11-29,0.0039211613426801215
2019-12-02,-0.0027972617016214546
2019-12-03,-0.0
2019-12-04,-0.000135028042574754
2019-12-05,0.0004588888447741117
2019-12-06,0.015594271221269058
2019-12-09,0.012517366949879039
2019-12-10,-0.003334523188222238
2019-12-11,-0.0074405457697596785
2019-12-12,-0.0
2019-12-13,0.0034736837526304983
2019-12-16,-0.00925781269685514
2019-12-17,-0.00013257942310025589
2019-12-18,0.0032569510261490167
2019-12-19,0.0
2019-12-20,-0.0
2019-12-23,0.0
2019-12-24,0.0
2019-12-25,0.0
2019-12-26,0.0
2019-12-27,-0.0
2019-12-30,0.0
2019-12-31,-0.0
2020-01-01,0.0
2020-01-02,0.0
2020-01-03,-0.0
2020-01-06,0.0
2020-01-07,0.0
2020-01-08,0.0
2020-01-09,0.0
2020-01-10,0.0
2020-01-13,0.0
2020-01-14,0.0
2020-01-15,-0.00018861185342261265
2020-01-16,0.0019000186708178458
2020-01-17,0.0009013708646242587
2020-01-20,0.0026176647265408115
2020-01-21,-0.0
2020-01-22,-0.0001598692356506954
2020-01-23,-0.02077130586574158
2020-01-24,-0.010859109598232233
2020-01-27,-0.03297313200635425
2020-01-28,-0.004615692636359399
2020-01-29,-0.007205102127639796
2020-01-30,-0.006247233133556989
2020-01-31,-0.0024167201093264735
2020-02-03,-0.0049710766120877325
2020-02-04,0.011257662833487744
2020-02-05,0.012280493028794704
2020-02-06,0.0
2020-02-07,-0.0
2020-02-10,0.0
2020-02-11,0.0
2020-02-12,0.0
2020-02-13,0.0
2020-02-14,-0.0
2020-02-17,0.0
2020-02-18,-0.0
2020-02-19,-0.0
2020-02-20,-0.0
2020-02-21,0.0
2020-02-24,-0.0
2020-02-25,-0.0
2020-02-26,-0.0
2020-02-27,-0.0
2020-02-28,0.0
2020-03-02,-0.00010492106592693799
2020-03-03,-0.004110942349184125
2020-03-04,0.002055282062072564
2020-03-05,-0.0
2020-03-06,-0.0
2020-03-09,-0.0
2020-03-10,0.0
2020-03-11,-0.0001332972657506527
2020-03-12,-0.014304523605001649
2020-03-13,0.0032670898468297118
2020-03-16,-0.02762281428421989
2020-03-17,-0.018026203992122472
2020-03-18,-0.050540142042200684
2020-03-19,0.005730655867629159
2020-03-20,-0.0010566824647111643
2020-03-23,-0.012723419979562023
2020-03-24,0.012531005817485086
2020-03-25,0.002679611431019275
2020-03-26,-0.002899179013712692
2020-03-27,-0.000775576890606948
2020-03-30,-0.0012512513896817926
2020-03-31,0.0
2020-04-01,-3.7867701264222325e-05
2020-04-02,-0.005101620864763299
2020-04-03,0.0029642540639749277
2020-04-06,-0.002359199390154805
2020-04-07,0.0
2020-04-08,-3.5159324316743166e-05
2020-04-09,-0.0007965464113072038
2020-04-10,-0.0
2020-04-13,-3.5159324316743166e-05
2020-04-14,0.0
2020-04-15,-3.594344647524927e-05
2020-04-16,-0.0013360568972507604
2020-04-17,-0.0033099671851396753
2020-04-20,0.0012525567869403214
2020-04-21,0.009466059339516933
2020-04-22,-0.006551816625285899
2020-04-23,0.0020170519562779307
2020-04-24,-0.001452415693390064
2020-04-27,0.003939564835519006
2020-04-28,0.0
2020-04-29,-6.0286142335526746e-05
2020-04-30,0.005538548209245002
2020-05-01,0.006080706913801496
2020-05-04,-0.0010827517005375705
2020-05-05,0.0
2020-05-06,0.0
2020-05-07,0.0
2020-05-08,0.0
2020-05-11,-7.482388988469283e-05
2020-05-12,4.74439730420776e-05
2020-05-13,0.003009327695457267
2020-05-14,-0.0
2020-05-15,-0.0
2020-05-18,0.0
2020-05-19,0.0
2020-05-20,-9.25916779588768e-05
2020-05-21,0.005897739707685312
2020-05-22,0.011680241352756915
2020-05-25,-9.25916779588768e-05
2020-05-26,0.0
2020-05-27,-0.0
2020-05-28,0.0
2020-05-29,0.0
2020-06-01,0.0
2020-06-02,0.0
2020-06-03,-8.094508283674496e-05
2020-06-04,-0.0008302811163752843
2020-06-05,-0.015312221224614713
2020-06-08,-0.0009069060311760704
2020-06-09,-0.006536489821949308
2020-06-10,-0.011521957081722791
2020-06-11,0.011524602539526151
2020-06-12,-0.0016574728186825082
2020-06-15,0.006287548243547317
2020-06-16,0.0
2020-06-17,0.0
2020-06-18,0.0
2020-06-19,0.0
2020-06-22,0.0
2020-06-23,0.0
2020-06-24,-7.619355677138764e-05
2020-06-25,-0.002425029371524681
2020-06-26,-0.005516587627545492
2020-06-29,-0.00045991131791655405
2020-06-30,0.0
2020-07-01,-8.835772375933027e-05
2020-07-02,-0.0011662461476235702
2020-07-03,0.005431727900019185
2020-07-06,-0.011003970375873109
2020-07-07,0.0
2020-07-08,-9.391387746476168e-05
2020-07-09,-0.006831561475827793
2020-07-10,-0.01113053362545317
2020-07-13,-0.015541462963271118
2020-07-14,0.008091178401638904
2020-07-15,0.012682346009499551
2020-07-16,-0.005113695387603489
2020-07-17,-0.0011553683258157359
2020-07-20,-0.0040583595203524045
2020-07-21,0.0
2020-07-22,-0.0
2020-07-23,0.0
2020-07-24,-0.0
2020-07-27,0.0
2020-07-28,0.0
2020-07-29,-0.0
2020-07-30,-0.0
2020-07-31,-0.0
2020-08-03,0.0
2020-08-04,-0.0
2020-08-05,0.0
2020-08-06,-0.0
2020-08-07,-0.0
2020-08-10,-7.952862121664074e-05
2020-08-11,-0.0008703202509442321
2020-08-12,0.00378108405920287
2020-08-13,-0.0
2020-08-14,0.0
2020-08-17,0.0
2020-08-18,0.0
2020-08-19,-7.123048780029992e-05
2020-08-20,0.0059314342870356975
2020-08-21,0.00802060076218381
2020-08-24,-0.0019736369416346704
2020-08-25,0.0
2020-08-26,0.0
2020-08-27,0.0
2020-08-28,0.0
2020-08-31,-7.20482250360698e-05
2020-09-01,-0.0014769147675010284
2020-09-02,-0.0007543740945365735
2020-09-03,-0.0
2020-09-04,0.0
2020-09-07,0.0
2020-09-08,-0.0
2020-09-09,0.0
2020-09-10,-0.0
2020-09-11,0.0
2020-09-14,0.0
2020-09-15,-0.0
2020-09-16,0.0
2020-09-17,0.0
2020-09-18,0.0
2020-09-21,-0.0
2020-09-22,0.0
2020-09-23,-0.0
2020-09-24,-0.0
2020-09-25,0.0
2020-09-28,-7.747555442200216e-05
2020-09-29,0.0005501408814709231
2020-09-30,0.007223762284404764
2020-10-01,-0.0
2020-10-02,0.0
2020-10-05,-0.0
2020-10-06,0.0
2020-10-07,0.0
2020-10-08,0.0
2020-10-09,0.0
2020-10-12,-6.213067597892746e-05
2020-10-13,0.0027972252388781113
2020-10-14,-0.0015476220323191175
2020-10-15,0.0
2020-10-16,-0.0
2020-10-19,0.0
2020-10-20,0.0
2020-10-21,-6.250777152451878e-05
2020-10-22,0.004112647486416172
2020-10-23,0.003310872694208281
2020-10-26,0.005186294302855664
2020-10-27,0.0
2020-10-28,-0.0
2020-10-29,-0.0
2020-10-30,-0.0
2020-11-02,0.0
2020-11-03,0.0
2020-11-04,0.0
2020-11-05,0.0
2020-11-06,0.0
2020-11-09,-0.00011937310258082376
2020-11-10,-0.0018411120506007814
2020-11-11,0.005276410530135758
2020-11-12,0.0
2020-11-13,0.0
2020-11-16,0.0
2020-11-17,-0.0
2020-11-18,0.0
2020-11-19,0.0
2020-11-20,0.0
2020-11-23,-0.00010094497977562228
2020-11-24,-0.01082934648933876
2020-11-25,-0.0006475231575973338
2020-11-26,-0.009598341476803413
2020-11-27,-0.008957534912858328
2020-11-30,-0.007338813384952201
2020-12-01,-0.010440130369540774
2020-12-02,0.0019268818686682754
2020-12-03,-0.0001294822839798731
2020-12-04,-0.007422199977246698
2020-12-07,0.0042107345378876665
2020-12-08,-0.0
2020-12-09,0.0
2020-12-10,0.0
2020-12-11,-0.0
2020-12-14,-0.0
2020-12-15,0.0
2020-12-16,0.0
2020-12-17,0.0
2020-12-18,0.0
2020-12-21,-9.218598589427242e-05
2020-12-22,0.007832450637802213
2020-12-23,-0.007787739359886381
2020-12-24,-0.0
2020-12-25,0.0
2020-12-28,0.0
2020-12-29,0.0
2020-12-30,-0.0
2020-12-31,-0.0
2021-01-01,0.0
2021-01-04,0.0
2021-01-05,0.0
2021-01-06,-9.423689966273066e-05
2021-01-07,-0.011060256134599378
2021-01-08,0.003686979813189104
2021-01-11,0.020614368297292445
2021-01-12,-0.007439908676581467
2021-01-13,-0.0022827681262023642
2021-01-14,0.0
2021-01-15,-0.0
2021-01-18,0.0
2021-01-19,-0.0
2021-01-20,0.0
2021-01-21,-0.0
2021-01-22,-0.0
2021-01-25,-0.0
2021-01-26,0.0
2021-01-27,-0.0
2021-01-28,0.0
2021-01-29,-0.0
2021-02-01,-0.0
2021-02-02,-0.0
2021-02-03,-8.30642282281633e-05
2021-02-04,-0.0013769014561250935
2021-02-05,0.006335377243530327
2021-02-08,0.008630150233620203
2021-02-09,0.0
2021-02-10,-9.84819623917324e-05
2021-02-11,0.0015030281225317979
2021-02-12,-0.004083345259484475
2021-02-15,-0.004850522263999981
2021-02-16,-0.0009809143041710575
2021-02-17,0.00126515005710017
2021-02-18,-0.013336821772116987
2021-02-19,-0.02861328799292183
2021-02-22,-0.014476714012910778
2021-02-23,-0.005870569453434492
2021-02-24,-0.005404101766104139
2021-02-25,-0.0054986880181066905
2021-02-26,0.017542560326132783
2021-03-01,0.001715450957858961
2021-03-02,0.0
2021-03-03,-0.0
2021-03-04,-0.0
2021-03-05,-0.0
2021-03-08,-6.0395219833584564e-05
2021-03-09,-0.009799079952995882
2021-03-10,0.00375682022583696
2021-03-11,0.008350447162212846
2021-03-12,0.0011462655860903634
2021-03-15,0.002359668147404452
2021-03-16,0.007551668106883285
2021-03-17,-0.0044541628332283156
2021-03-18,-0.0
2021-03-19,0.0
2021-03-22,0.0
2021-03-23,-0.0
2021-03-24,-0.0
2021-03-25,-0.0
2021-03-26,0.0
2021-03-29,-0.0
2021-03-30,-0.0
2021-03-31,0.0
2021-04-01,0.0
2021-04-02,0.0
2021-04-05,0.0
2021-04-06,0.0
2021-04-07,-7.217032876694254e-05
2021-04-08,-0.004991872140984515
2021-04-09,0.00435308007290247
2021-04-12,0.0034582589430527423
2021-04-13,0.0
2021-04-14,0.0
2021-04-15,0.0
2021-04-16,-0.0
2021-04-19,-6.89610376252283e-05
2021-04-20,0.002647821410524985
2021-04-21,-0.0060668987060938494
2021-04-22,0.0021669723841508657
2021-04-23,-0.007446721461763926
2021-04-26,-0.0097199254300501
2021-04-27,-0.005287123680776966
2021-04-28,-0.0010314336075478033
2021-04-29,-0.00048144718422205637
2021-04-30,0.0032067256053800283
2021-05-03,-7.924620652295403e-05
2021-05-04,0.0
2021-05-05,-0.0
2021-05-06,0.0
2021-05-07,0.0
2021-05-10,-8.181376459588259e-05
2021-05-11,-0.004097780542271157
2021-05-12,0.0007537850929896411
2021-05-13,0.005556403276081796
2021-05-14,0.005503565646822404
2021-05-17,-0.007424848725133259
2021-05-18,0.0017494930736012178
2021-05-19,-0.022077236242690323
2021-05-20,0.0
2021-05-21,-0.0
2021-05-24,-6.648307213941596e-05
2021-05-25,-0.001292187991047924
2021-05-26,0.0027223705194627627
2021-05-27,0.011334991723707128
2021-05-28,0.0016920032768390192
2021-05-31,-0.00013625462718264722
2021-06-01,0.0005588298118337883
2021-06-02,0.0041303979249855795
2021-06-03,-0.0
2021-06-04,0.0
2021-06-07,-6.466789087173547e-05
2021-06-08,0.0027651203274953614
2021-06-09,0.0005627136276885245
2021-06-10,-0.0
2021-06-11,0.0
2021-06-14,-0.0
2021-06-15,-0.0
2021-06-16,-5.631967575687134e-05
2021-06-17,-0.013652195461218758
2021-06-18,-0.006851909812440284
2021-06-21,0.0014157448955692841
2021-06-22,0.005004953702811047
2021-06-23,0.007352806533357585
2021-06-24,-0.0
2021-06-25,-0.0
2021-06-28,-5.794928350126308e-05
2021-06-29,0.0022015954177798517
2021-06-30,-0.0017134361619632243
2021-07-01,-0.0
2021-07-02,0.0
2021-07-05,0.0
2021-07-06,-0.0
2021-07-07,0.0
2021-07-08,-0.0
2021-07-09,0.0
2021-07-12,-5.774367094530086e-05
2021-07-13,-0.00014319824870407595
2021-07-14,0.0028051563493617865
2021-07-15,0.0
2021-07-16,-0.0
2021-07-19,-0.0
2021-07-20,0.0
2021-07-21,0.0
2021-07-22,0.0
2021-07-23,0.0
2021-07-26,0.0
2021-07-27,-0.0
2021-07-28,-7.003675578390205e-05
2021-07-29,-0.006628160176396523
2021-07-30,0.0045391222933866895
2021-08-02,0.0012498719503957459
2021-08-03,-0.0
2021-08-04,-7.036908294187504e-05
2021-08-05,0.0012637591485441136
2021-08-06,-0.0011615118433223196
2021-08-09,-0.004950917364715372
2021-08-10,0.0
2021-08-11,-0.0
2021-08-12,-0.0
2021-08-13,0.0
2021-08-16,-0.0
2021-08-17,-0.0
2021-08-18,-7.418384439270726e-05
2021-08-19,-0.008121869610039299
2021-08-20,0.007951645115176658
2021-08-23,0.012933274147721724
2021-08-24,0.00477168044385399
2021-08-25,-0.0010581202686846317
2021-08-26,0.0029181122819394805
2021-08-27,-0.005741778609918188
2021-08-30,-1.502529986166251e-06
2021-08-31,-0.005765772172027555
2021-09-01,0.009556335628953073
2021-09-02,-0.0020873136842365844
2021-09-03,-0.0027624675882906204
2021-09-06,-0.0010539846919102689
2021-09-07,-0.0
2021-09-08,-0.0
2021-09-09,0.0
2021-09-10,0.0
2021-09-13,-6.19189801286252e-05
2021-09-14,0.005201733929759871
2021-09-15,-0.0081499026868261
2021-09-16,-0.0
2021-09-17,-0.0
2021-09-20,-5.8526164350668615e-05
2021-09-21,-0.002483674268543837
2021-09-22,0.013495598034188665
2021-09-23,-0.0005058016639299152
2021-09-24,0.002390601872638593
2021-09-27,0.001074397864338955
2021-09-28,0.0037737679980867672
2021-09-29,0.004615339066444286
2021-09-30,-0.0
2021-10-01,0.0
2021-10-04,0.0
2021-10-05,-0.0
2021-10-06,-0.0
2021-10-07,0.0
2021-10-08,0.0
2021-10-11,-5.361101456015428e-05
2021-10-12,0.0029212750258074357
2021-10-13,-0.007023874145810485
2021-10-14,-0.012251572357274948
2021-10-15,-0.010562623221646564
2021-10-18,0.0029333834556976484
2021-10-19,0.0015506104343858916
2021-10-20,-0.0012112183109801496
2021-10-21,0.01303226524347128
2021-10-22,0.004862833532814788
2021-10-25,-0.00642586725497291
2021-10-26,-0.0027658350074562833
2021-10-27,-0.008539817628584233
2021-10-28,0.0
2021-10-29,-0.0
2021-11-01,-5.206351756129765e-05
2021-11-02,-0.0021613670294067327
2021-11-03,-0.00135297719231216
2021-11-04,-0.000722609530901386
2021-11-05,0.0029335429252579878
2021-11-08,0.004348041343905358
2021-11-09,-0.0
2021-11-10,-0.0
2021-11-11,0.0
2021-11-12,0.0
2021-11-15,-0.0
2021-11-16,-0.0
2021-11-17,-0.0
2021-11-18,0.0
2021-11-19,0.0
2021-11-22,0.0
2021-11-23,-0.0
2021-11-24,-8.212139390328871e-05
2021-11-25,0.0018648138930758686
2021-11-26,0.019074941602797595
2021-11-29,-0.006960085931716621
2021-11-30,-0.007322122609690151
2021-12-01,8.09835594413111e-05
2021-12-02,0.0028038397368037415
2021-12-03,-0.004182728908125773
2021-12-06,0.004627606911954683
2021-12-07,0.0
2021-12-08,0.0
2021-12-09,-0.0
2021-12-10,-0.0
2021-12-13,-0.0
2021-12-14,-0.0
2021-12-15,-0.0
2021-12-16,0.0
2021-12-17,-0.0
2021-12-20,0.0
2021-12-21,0.0
2021-12-22,0.0
2021-12-23,0.0
2021-12-24,-0.0
2021-12-27,0.0
2021-12-28,0.0
2021-12-29,0.0
2021-12-30,0.0
2021-12-31,0.0
2022-01-03,0.0
2022-01-04,0.0
2022-01-05,-0.0
2022-01-06,-0.0
2022-01-07,0.0
2022-01-10,-0.0
2022-01-11,0.0
2022-01-12,0.0
2022-01-13,-0.0
2022-01-14,-0.0
2022-01-17,0.0
2022-01-18,-0.0
2022-01-19,0.0
2022-01-20,0.0
2022-01-21,-0.0
2022-01-24,-6.870740304908376e-05
2022-01-25,-0.0034372535790728803
2022-01-26,-0.005466595409149891
2022-01-27,-0.0
2022-01-28,-0.0
2022-01-31,-6.131251024753629e-05
2022-02-01,0.008191341049271113
2022-02-02,0.005966765638498693
2022-02-03,-0.0
2022-02-04,0.0
2022-02-07,-6.041481618365019e-05
2022-02-08,-0.0001441758163420865
2022-02-09,-0.011507996112611892
2022-02-10,0.0
2022-02-11,-0.0
2022-02-14,0.0
2022-02-15,0.0
2022-02-16,0.0
2022-02-17,-0.0
2022-02-18,0.0
2022-02-21,-0.0
2022-02-22,0.0
2022-02-23,-0.0
2022-02-24,-0.0
2022-02-25,0.0
2022-02-28,0.0
2022-03-01,0.0
2022-03-02,0.0
2022-03-03,0.0
2022-03-04,0.0
2022-03-07,-5.6559752663442665e-05
2022-03-08,0.0026588740735622846
2022-03-09,0.007607363372464312
2022-03-10,0.0
2022-03-11,0.0
2022-03-14,-6.457275657092093e-05
2022-03-15,-0.0013432346610961494
2022-03-16,0.00651862698870523
2022-03-17,0.007937144166352272
2022-03-18,0.003627411661425533
2022-03-21,-0.0015958462110352407
2022-03-22,0.001070243707293096
2022-03-23,-0.006837374194702801
2022-03-24,-0.0
2022-03-25,-0.0
2022-03-28,0.0
2022-03-29,-0.0
2022-03-30,0.0
2022-03-31,0.0
2022-04-01,-0.0
2022-04-04,0.0
2022-04-05,-0.0
2022-04-06,-0.0
2022-04-07,0.0
2022-04-08,0.0
2022-04-11,-0.0
2022-04-12,0.0
2022-04-13,-0.0
2022-04-14,0.0
2022-04-15,0.0
2022-04-18,0.0
2022-04-19,-0.0
2022-04-20,-0.0
2022-04-21,0.0
2022-04-22,-0.0
2022-04-25,-9.249179071476793e-05
2022-04-26,0.005743851608860582
2022-04-27,-0.0002511312626982379
2022-04-28,-0.00984149760769171
2022-04-29,0.004561055666280833
2022-05-02,-4.328054476104986e-06
2022-05-03,-0.021386942311015657
2022-05-04,0.003908536635106845
2022-05-05,0.0008301399766218108
2022-05-06,-0.003884720152138452
2022-05-09,-0.00931470345514815
2022-05-10,-0.0
2022-05-11,-7.382543168385879e-05
2022-05-12,-0.013173703012822759
2022-05-13,0.0037359404372470195
2022-05-16,0.004198199766748794
2022-05-17,0.0
2022-05-18,-6.394494953421819e-05
2022-05-19,-0.008332115784823272
2022-05-20,-0.0002942964062609411
2022-05-23,-0.0057648319808166525
2022-05-24,-0.0
2022-05-25,-0.0
2022-05-26,-0.0
2022-05-27,0.0
2022-05-30,0.0
2022-05-31,-0.0
2022-06-01,0.0
2022-06-02,0.0
2022-06-03,0.0
2022-06-06,0.0
2022-06-07,-0.0
2022-06-08,-7.886572895595529e-05
2022-06-09,0.006214154731027647
2022-06-10,0.009159306361672713
2022-06-13,0.008463704188827676
2022-06-14,-0.0
2022-06-15,-8.309412055581659e-05
2022-06-16,-0.009332709098179452
2022-06-17,-0.006898184012200678
2022-06-20,0.0009852383769698527
2022-06-21,0.0011293812462317265
2022-06-22,-0.014386040140187455
2022-06-23,-0.0
2022-06-24,-0.0
2022-06-27,-6.981350530194404e-05
2022-06-28,-0.002875202277557556
2022-06-29,0.0019738535148918056
2022-06-30,-0.008061486207584005
2022-07-01,-0.012043548855597329
2022-07-04,-0.0024735346219211542
2022-07-05,-0.019324100250417267
2022-07-06,-0.008976537674981466
2022-07-07,0.018973741416414218
2022-07-08,-0.0010268242099548937
2022-07-11,-0.01344866110296184
2022-07-12,-0.0
2022-07-13,-5.218962270906799e-05
2022-07-14,-0.007385604014524687
2022-07-15,0.0009947812789734016
2022-07-18,0.011413346496112132
2022-07-19,-0.006162068184439246
2022-07-20,0.004195320816731245
2022-07-21,-0.0
2022-07-22,0.0
2022-07-25,-4.700628702899008e-05
2022-07-26,-0.0024092895700556266
2022-07-27,-0.004179942619403596
2022-07-28,-0.0050144805802061505
2022-07-29,-0.00613755626251565
2022-08-01,0.0037915741485332125
2022-08-02,0.0005038011050942588
2022-08-03,0.0049621268226425486
2022-08-04,0.0
2022-08-05,0.0
2022-08-08,0.0
2022-08-09,-0.0
2022-08-10,-6.690190355927303e-05
2022-08-11,-0.0048266786728806115
2022-08-12,0.0044475754639918
2022-08-15,0.006079105014695653
2022-08-16,-0.0
2022-08-17,-0.0
2022-08-18,0.0
2022-08-19,0.0
2022-08-22,-0.0
2022-08-23,0.0
2022-08-24,-0.0
2022-08-25,0.0
2022-08-26,0.0
2022-08-29,0.0
2022-08-30,-0.0
2022-08-31,-7.281806535363344e-05
2022-09-01,-0.01272515487604352
2022-09-02,0.0023004259161343112
2022-09-05,0.001303516368312651
2022-09-06,0.0018642140973141386
2022-09-07,-0.0038810868809003906
2022-09-08,0.0
2022-09-09,0.0
2022-09-12,-6.96938483655525e-05
2022-09-13,0.005081067444160688
2022-09-14,0.0037980039914969495
2022-09-15,-0.0
2022-09-16,0.0
2022-09-19,-0.0
2022-09-20,0.0
2022-09-21,-0.0
2022-09-22,-0.0
2022-09-23,-0.0
2022-09-26,-6.820808287821984e-05
2022-09-27,0.0007122912693586455
2022-09-28,0.004258242839755459
2022-09-29,0.008302750900128513
2022-09-30,0.001225597000412733
2022-10-03,-0.003690448582591377
2022-10-04,-0.015147949028176923
2022-10-05,0.002692124560792473
2022-10-06,0.004487789864885094
2022-10-07,0.009438049695307548
2022-10-10,-0.007910299386167493
2022-10-11,0.001108466017915263
2022-10-12,-0.003294948742395297
2022-10-13,0.0
2022-10-14,-0.0
2022-10-17,0.0
2022-10-18,-0.0
2022-10-19,-7.239957428296918e-05
2022-10-20,0.011369864776043393
2022-10-21,0.004053852670210158
2022-10-24,-0.004377376009436798
2022-10-25,-0.0
2022-10-26,0.0
2022-10-27,-0.0
2022-10-28,-0.0
2022-10-31,-0.0
2022-11-01,0.0
2022-11-02,-0.0
2022-11-03,-0.0
2022-11-04,0.0
2022-11-07,-4.3545216355711406e-05
2022-11-08,-0.007372618600878551
2022-11-09,0.000392747401293858
2022-11-10,-0.005880775626046199
2022-11-11,-0.0076252197626475475
2022-11-14,0.003946870937007017
2022-11-15,-4.9012357600332515e-05
2022-11-16,0.002670483623631861
2022-11-17,-0.0
2022-11-18,-0.0
2022-11-21,-3.981789735532675e-05
2022-11-22,0.004463228982577942
2022-11-23,-0.000265083949818474
2022-11-24,0.0011919331170427076
2022-11-25,-0.001087713702910058
2022-11-28,-0.0016615015703957841
2022-11-29,0.0
2022-11-30,0.0
2022-12-01,0.0
2022-12-02,0.0
2022-12-05,-6.077301255203133e-05
2022-12-06,-0.001472670625540837
2022-12-07,-0.0016921883211623
2022-12-08,-0.004714250694918073
2022-12-09,-0.0
2022-12-12,0.009048110842728408
2022-12-13,0.0
2022-12-14,0.0
2022-12-15,-0.0
2022-12-16,-0.0
2022-12-19,-7.337513004224674e-05
2022-12-20,0.0020283990276102133
2022-12-21,0.002210128827224375
2022-12-22,-0.0
2022-12-23,0.0
2022-12-26,0.0
2022-12-27,0.0
2022-12-28,0.0
2022-12-29,-0.0
2022-12-30,-0.0
2023-01-02,0.0
2023-01-03,-0.0
2023-01-04,-0.0
2023-01-05,0.0
2023-01-06,0.0
2023-01-09,-7.239511528299062e-05
2023-01-10,-0.002860013584180499
2023-01-11,-0.011510032446902612
2023-01-12,-0.003396395940989409
2023-01-13,8.095895878146573e-05
2023-01-16,0.00436209715704773
2023-01-17,-0.011329122208038896
2023-01-18,-0.0022247325534963734
2023-01-19,0.0010469469646414444
2023-01-20,-0.0010781102302666295
2023-01-23,-0.001942482656081311
2023-01-24,-0.0
2023-01-25,0.0
2023-01-26,0.0
2023-01-27,-0.0
2023-01-30,-0.0
2023-01-31,0.0
2023-02-01,-0.0
2023-02-02,-0.0
2023-02-03,-0.0
2023-02-06,-8.415330482956759e-05
2023-02-07,0.003383269877985151
2023-02-08,-0.0021270906769759257
2023-02-09,0.0
2023-02-10,-0.0
2023-02-13,0.0
2023-02-14,0.0
2023-02-15,-0.0
2023-02-16,0.0
2023-02-17,-0.0
2023-02-20,0.0
2023-02-21,0.0
2023-02-22,-0.00010119943950887479
2023-02-23,0.015400558543931804
2023-02-24,0.014207019248213564
2023-02-27,-0.00680164101972531
2023-02-28,0.009957447950613367
2023-03-01,0.008498554947968823
2023-03-02,-0.0
2023-03-03,0.0
2023-03-06,-0.0
2023-03-07,-0.0
2023-03-08,-7.01718169080405e-05
2023-03-09,-0.0030188200977964976
2023-03-10,0.0007397909836308006
2023-03-13,0.0033063901785918663
2023-03-14,-0.0
2023-03-15,-0.0
2023-03-16,0.0
2023-03-17,0.0
2023-03-20,-6.282540074733684e-05
2023-03-21,0.0028893544465576205
2023-03-22,0.00620237775685177
2023-03-23,0.0
2023-03-24,-0.0
2023-03-27,-6.798176980120889e-05
2023-03-28,-0.0007078274410359149
2023-03-29,-0.001304748206371788
2023-03-30,-0.0
2023-03-31,-0.0
2023-04-03,-0.0
2023-04-04,-0.0
2023-04-05,-7.577342958887022e-05
2023-04-06,0.0010353918868896122
2023-04-07,0.0
2023-04-10,-7.577342958887022e-05
2023-04-11,0.0
2023-04-12,0.0
2023-04-13,0.0
2023-04-14,-0.0
2023-04-17,-0.0
2023-04-18,0.0
2023-04-19,-0.0
2023-04-20,-0.0
2023-04-21,-0.0
2023-04-24,-0.0001283477615893243
2023-04-25,-0.01984645531705948
2023-04-26,0.0024390557836801397
2023-04-27,0.0028944107738768034
2023-04-28,0.0007631337609046042
2023-05-01,-0.00010921080063344971
2023-05-02,-0.0
2023-05-03,-0.0
2023-05-04,0.0
2023-05-05,0.0
2023-05-08,0.0
2023-05-09,0.0
2023-05-10,-0.0
2023-05-11,-0.0
2023-05-12,0.0
2023-05-15,-8.753568675215339e-05
2023-05-16,-0.010652071078533427
2023-05-17,0.012958343725616784
2023-05-18,-0.00790672144985058
2023-05-19,0.00489983619767879
2023-05-22,-0.007693282240990432
2023-05-23,-0.0
2023-05-24,-0.0
2023-05-25,0.0
2023-05-26,0.0
2023-05-29,0.0
2023-05-30,-0.0
2023-05-31,-0.0
2023-06-01,0.0
2023-06-02,-0.0
2023-06-05,0.0
2023-06-06,0.0
2023-06-07,-0.0
2023-06-08,0.0
2023-06-09,0.0
2023-06-12,-0.0
2023-06-13,0.0
2023-06-14,0.0
2023-06-15,0.0
2023-06-16,0.0
2023-06-19,-0.0
2023-06-20,0.0
2023-06-21,0.0
2023-06-22,-0.0
2023-06-23,-0.0
2023-06-26,0.0
2023-06-27,-0.0
2023-06-28,-0.00010399091624002139
2023-06-29,-0.006508617814336051
2023-06-30,0.011699375474267124
2023-07-03,0.006774128731647858
2023-07-04,-0.0
2023-07-05,-0.0
2023-07-06,-0.0
2023-07-07,0.0
2023-07-10,0.0
2023-07-11,-0.0
2023-07-12,0.0
2023-07-13,0.0
2023-07-14,-0.0
2023-07-17,-8.05043885679377e-05
2023-07-18,0.0011377372074140575
2023-07-19,0.0027065392378447955
2023-07-20,0.0
2023-07-21,-0.0
2023-07-24,0.0
2023-07-25,0.0
2023-07-26,-8.114068535878685e-05
2023-07-27,0.003044443082797552
2023-07-28,-0.005902403299526668
2023-07-31,-0.010634503514130278
2023-08-01,-0.0
2023-08-02,-0.0
2023-08-03,0.0
2023-08-04,-0.0
2023-08-07,-0.0
2023-08-08,-0.0
2023-08-09,-7.062000019457677e-05
2023-08-10,-0.000644739507581739
2023-08-11,-0.005136918688134008
2023-08-14,-0.00024090151250895315
2023-08-15,-0.0
2023-08-16,-8.597864271911207e-05
2023-08-17,0.004807589099432026
2023-08-18,0.00034800009195607394
2023-08-21,0.002278986146998183
2023-08-22,0.0
2023-08-23,0.0
2023-08-24,-0.0
2023-08-25,-0.0
2023-08-28,0.0
2023-08-29,0.0
2023-08-30,0.0
2023-08-31,-0.0
2023-09-01,0.0
2023-09-04,-0.0
2023-09-05,0.0
2023-09-06,-0.0
2023-09-07,-0.0
2023-09-08,-0.0
2023-09-11,-0.00010988714244931843
2023-09-12,-0.0009591038379295011
2023-09-13,0.002160057404233446
2023-09-14,0.0
2023-09-15,-0.0
2023-09-18,-0.0
2023-09-19,-0.0
2023-09-20,0.0
2023-09-21,-0.0
2023-09-22,0.0
2023-09-25,-0.0
2023-09-26,-0.0
2023-09-27,0.0
2023-09-28,0.0
2023-09-29,0.0
2023-10-02,-0.0
2023-10-03,-0.0
2023-10-04,-9.455184067837533e-05
2023-10-05,-0.004004333986840216
2023-10-06,0.011730700577896994
2023-10-09,0.004449326491698651
2023-10-10,-0.0
2023-10-11,0.0
2023-10-12,-0.0
2023-10-13,-0.0
2023-10-16,0.0
2023-10-17,-0.0
2023-10-18,0.0
2023-10-19,0.0
2023-10-20,-0.0
2023-10-23,0.0
2023-10-24,0.0
2023-10-25,-0.0
2023-10-26,-0.0
2023-10-27,0.0
2023-10-30,0.0
2023-10-31,-0.0
2023-11-01,-0.0
2023-11-02,0.0
2023-11-03,0.0
2023-11-06,0.0
2023-11-07,-0.0
2023-11-08,-0.0
2023-11-09,0.0
2023-11-10,-0.0
2023-11-13,-0.00013564931273582327
2023-11-14,0.007529613702327154
2023-11-15,0.0032137164338277694
2023-11-16,-0.0
2023-11-17,0.0
2023-11-20,0.0
2023-11-21,0.0
2023-11-22,-0.00011183156153378191
2023-11-23,-0.004997958896184735
2023-11-24,-0.0016844439179038526
2023-11-27,0.005593521877337482
2023-11-28,0.0
2023-11-29,-0.0
2023-11-30,0.0
2023-12-01,0.0
2023-12-04,-9.161885610005036e-05
2023-12-05,0.007849220961629341
2023-12-06,0.0033739315226456647
2023-12-07,0.003999326979297436
2023-12-08,0.007554804617820032
2023-12-11,-0.0076183769004341505
2023-12-12,0.0
2023-12-13,-0.0
2023-12-14,0.0
2023-12-15,-0.0
2023-12-18,-8.080121106806883e-05
2023-12-19,-0.007048970962613735
2023-12-20,0.000608722515584863
2023-12-21,0.0
2023-12-22,-0.0
2023-12-25,0.0
2023-12-26,0.0
2023-12-27,0.0
2023-12-28,-0.0
2023-12-29,-0.0
2024-01-01,0.0
2024-01-02,-0.0
2024-01-03,-0.0
2024-01-04,-0.0
2024-01-05,-0.0
2024-01-08,-0.0
2024-01-09,-0.0
2024-01-10,-0.00011582416292171782
2024-01-11,-0.0014298425225785967
2024-01-12,-0.0014787046532994427
2024-01-15,0.0037732231590690266
2024-01-16,-0.0
2024-01-17,-0.0
2024-01-18,0.0
2024-01-19,0.0
2024-01-22,-0.0
2024-01-23,0.0
2024-01-24,0.0
2024-01-25,0.0
2024-01-26,-0.0
2024-01-29,-0.00015810281420170424
2024-01-30,-0.007020223112485072
2024-01-31,0.0007912863977904785
2024-02-01,0.008833076319551951
2024-02-02,0.006321046244076612
2024-02-05,0.014686264457975374
2024-02-06,0.0
2024-02-07,-0.00012961948289765937
2024-02-08,-0.012319464808608118
2024-02-09,-0.002583899701790196
2024-02-12,0.006968463220720631
2024-02-13,0.002357764405856597
2024-02-14,-0.00604008049319375
2024-02-15,0.0
2024-02-16,0.0
2024-02-19,-9.81774948560403e-05
2024-02-20,-0.005082795591970021
2024-02-21,-0.0032347099952258263
2024-02-22,-0.003235668097042263
2024-02-23,0.001287859602070475
2024-02-26,0.007606987102804168
2024-02-27,0.0
2024-02-28,-0.0
2024-02-29,0.0
2024-03-01,0.0
2024-03-04,0.0
2024-03-05,-0.0
2024-03-06,0.0
2024-03-07,0.0
2024-03-08,-0.0
2024-03-11,0.0
2024-03-12,0.0
2024-03-13,0.0
2024-03-14,-0.0
2024-03-15,0.0
2024-03-18,-0.00010016348032514607
2024-03-19,0.008265222823617515
2024-03-20,0.003603158827225961
2024-03-21,-0.0016034264235032394
2024-03-22,0.005971077236698836
2024-03-25,-0.0006550663133110267
2024-03-26,-0.0007703211155644631
2024-03-27,-0.0009696568084594317
2024-03-28,0.0
2024-03-29,0.0
2024-04-01,0.0
2024-04-02,0.0
2024-04-03,-8.293171336746667e-05
2024-04-04,-0.005760079416975646
2024-04-05,0.0017426972570718006
2024-04-08,-0.004860342480794157
2024-04-09,-0.00035637011393777984
2024-04-10,0.0025811606094412
2024-04-11,0.0018882938421295988
2024-04-12,-0.006838906544343488
2024-04-15,-0.007013823582888166
2024-04-16,-0.0
2024-04-17,0.0
2024-04-18,0.0
2024-04-19,0.0
2024-04-22,-9.947457936662524e-05
2024-04-23,0.008298403284056396
2024-04-24,-0.004677023519124486
2024-04-25,0.0
2024-04-26,0.0
2024-04-29,-9.188806797183523e-05
2024-04-30,0.008733544355272835
2024-05-01,0.005846333754194647
2024-05-02,0.007246955238718275
2024-05-03,-0.00816250259674322
2024-05-06,-8.274489872854243e-05
2024-05-07,0.0
2024-05-08,-8.413748336710245e-05
2024-05-09,-2.831767749300667e-05
2024-05-10,-0.005634933343447698
2024-05-13,-0.010260702344841931
2024-05-14,-0.0
2024-05-15,-8.483504804816779e-05
2024-05-16,-0.011345653423279823
2024-05-17,-0.013238521184288088
2024-05-20,-0.011724575367410775
2024-05-21,0.001407588304389136
2024-05-22,0.02068702743883186
2024-05-23,5.9507157582702724e-05
2024-05-24,0.00370981358284101
2024-05-27,-0.00012381157576190605
2024-05-28,0.007084763411517459
2024-05-29,-0.0018275893364234376
2024-05-30,-0.0
2024-05-31,-0.0
2024-06-03,-5.8822864093055335e-05
2024-06-04,-0.00765514942352686
2024-06-05,-0.0007703338064666382
2024-06-06,0.008619104791084815
2024-06-07,-0.014576836174297031
2024-06-10,0.005344215830303982
2024-06-11,-0.004688193008299739
2024-06-12,0.006300398994720475
2024-06-13,-0.004942727148698699
2024-06-14,-0.0017731763451613277
2024-06-17,-0.002605654659242656
2024-06-18,0.0
2024-06-19,0.0
2024-06-20,0.0
2024-06-21,-0.0
2024-06-24,-0.0
2024-06-25,-0.0
2024-06-26,-6.268351623741602e-05
2024-06-27,-0.0010731978670975994
2024-06-28,0.0036670510260972786
2024-07-01,0.0012868938726293985
2024-07-02,0.0
2024-07-03,0.0
2024-07-04,0.0
2024-07-05,0.0
2024-07-08,-9.13567974051382e-05
2024-07-09,0.00282562627711306
2024-07-10,-0.0023130237725022514
2024-07-11,-0.0
2024-07-12,0.0
2024-07-15,-0.0
2024-07-16,-0.0
2024-07-17,-0.00010442463154773027
2024-07-18,-0.017991166410921862
2024-07-19,-0.005636957168568412
2024-07-22,-0.0069974599187348566
2024-07-23,-0.0035987042434995533
2024-07-24,-0.004443046879087708
2024-07-25,0.001305063696035565
2024-07-26,-0.0007959651804902873
2024-07-29,-0.006257076726747056
2024-07-30,-0.0
2024-07-31,-8.293797355787102e-05
2024-08-01,-0.010339151175235943
2024-08-02,0.00018323772119933286
2024-08-05,-0.010279791881248935
2024-08-06,0.0
2024-08-07,-0.0
2024-08-08,0.0
2024-08-09,0.0
2024-08-12,0.0
2024-08-13,-0.0
2024-08-14,0.0
2024-08-15,0.0
2024-08-16,-0.0
2024-08-19,-7.624831243440805e-05
2024-08-20,0.0026372092497849646
2024-08-21,-0.0031690380388771575
2024-08-22,-0.0
2024-08-23,0.0
2024-08-26,0.0
2024-08-27,0.0
2024-08-28,-6.75036243963425e-05
2024-08-29,0.0008018356118565663
2024-08-30,0.00043814554995461253
2024-09-02,0.002466471086745913
2024-09-03,-0.0
2024-09-04,-7.517602113065579e-05
2024-09-05,0.0073833592181893545
2024-09-06,-0.0052917568767729736
2024-09-09,0.005551604869780989
2024-09-10,-0.0
2024-09-11,0.0
2024-09-12,0.0
2024-09-13,0.0
2024-09-16,-7.886122042751007e-05
2024-09-17,0.0011197901374158286
2024-09-18,-0.0017142800241244241
2024-09-19,-0.0066435936049867896
2024-09-20,0.002206990492898219
2024-09-23,-0.004225943278158008
2024-09-24,0.0
2024-09-25,-8.151325750837589e-05
2024-09-26,-0.014813544198845483
2024-09-27,0.005283004636556292
2024-09-30,0.008349157790717321
2024-10-01,-0.007582097870667408
2024-10-02,-0.005327107141589695
2024-10-03,-0.0
2024-10-04,0.0
2024-10-07,-0.0
2024-10-08,-0.0
2024-10-09,-7.37890912334567e-05
2024-10-10,0.002440569425809464
2024-10-11,0.003465701772081177
2024-10-14,-0.006705500298448079
2024-10-15,-0.0
2024-10-16,-7.135213082357612e-05
2024-10-17,-0.00211502192464087
2024-10-18,0.005473629203573998
2024-10-21,-0.003357703800705895
2024-10-22,0.0
2024-10-23,-0.0
2024-10-24,-0.0
2024-10-25,0.0
2024-10-28,-0.0
2024-10-29,-0.0
2024-10-30,0.0
2024-10-31,-0.0
2024-11-01,0.0
2024-11-04,0.0
2024-11-05,0.0
2024-11-06,-8.326117391511559e-05
2024-11-07,-0.019070845785973123
2024-11-08,0.012664934360018627
2024-11-11,0.006434662786203273
2024-11-12,-0.008835794377056283
2024-11-13,-0.004522404849195713
2024-11-14,-0.002697924739338649
2024-11-15,0.0005954014479244858
2024-11-18,0.00332893703426727
2024-11-19,0.000715495929077744
2024-11-20,3.0328620889818304e-05
2024-11-21,-0.0
2024-11-22,-0.0
2024-11-25,0.0
2024-11-26,-0.0
2024-11-27,0.0
2024-11-28,-0.0
2024-11-29,0.0
2024-12-02,-0.0
2024-12-03,0.0
2024-12-04,-0.0
2024-12-05,-0.0
2024-12-06,0.0
2024-12-09,0.0
2024-12-10,-0.0
2024-12-11,-0.0
2024-12-12,-0.0
2024-12-13,-0.0
2024-12-16,0.0
2024-12-17,-0.0
2024-12-18,-0.00015295228154294614
2024-12-19,-0.01643281974820374
2024-12-20,0.006657835062847368
2024-12-23,-0.0034602752243498135
2024-12-24,0.0
2024-12-25,0.0
2024-12-26,0.0
2024-12-27,0.0
2024-12-30,-0.0
2024-12-31,-0.0
2025-01-01,-0.00013629948591757825
2025-01-02,0.003575374288440219
2025-01-03,0.007638861655136427
2025-01-06,0.012813162553229762
2025-01-07,0.0
2025-01-08,-0.00012643427302565534
2025-01-09,-0.004386433285135869
2025-01-10,-0.001206987607595644
2025-01-13,-0.0004045715947561861
2025-01-14,0.0
2025-01-15,0.0
2025-01-16,0.0
2025-01-17,-0.0
2025-01-20,0.0
2025-01-21,0.0
2025-01-22,-0.0
2025-01-23,0.0
2025-01-24,0.0
2025-01-27,-0.0
2025-01-28,-0.0
2025-01-29,-0.00012822218441636298
2025-01-30,0.0057031628857447635
2025-01-31,-0.007538212444919581
2025-02-03,0.004690029661468144
2025-02-04,0.0
2025-02-05,0.0
2025-02-06,0.0
2025-02-07,0.0
2025-02-10,-0.00011964023883309104
2025-02-11,0.007556003440459859
2025-02-12,-0.008344533768357447
2025-02-13,0.0
2025-02-14,-0.0
2025-02-17,-0.0
2025-02-18,0.0
2025-02-19,-0.0
2025-02-20,0.0
2025-02-21,-0.0
2025-02-24,-0.0
2025-02-25,-0.0
2025-02-26,0.0
2025-02-27,-0.0
2025-02-28,-0.0
2025-03-03,0.0
2025-03-04,-0.0
2025-03-05,0.0
2025-03-06,0.0
2025-03-07,-0.0
2025-03-10,-9.779196714467816e-05
2025-03-11,-0.009168371095406355
2025-03-12,-0.007351012471191597
2025-03-13,0.0
2025-03-14,-0.0
2025-03-17,0.0
2025-03-18,0.0
2025-03-19,-9.814676860078388e-05
2025-03-20,0.0033411665906650173
2025-03-21,0.005333795103348596
2025-03-24,-0.006770394240826958
2025-03-25,0.0
2025-03-26,-8.717076073623284e-05
2025-03-27,0.00471256589051188
2025-03-28,0.0030690293053600307
2025-03-31,0.004841689954427913
2025-04-01,-0.0009896452764230003
2025-04-02,0.0004355958998912196
2025-04-03,-0.01987079742549226
2025-04-04,-0.03613712750813162
2025-04-07,-0.003186802488918562
2025-04-08,-0.003202963289447539
2025-04-09,-0.0017968015066948265
2025-04-10,0.016396757749353754
2025-04-11,0.006976415429001062
2025-04-14,0.0012333531827161417
2025-04-15,0.000786979402363905
2025-04-16,-0.001355306941864872
2025-04-17,0.0005162736885202966
2025-04-18,-0.0
2025-04-21,-4.751524892296543e-05
2025-04-22,0.0
2025-04-23,-4.789690459203917e-05
2025-04-24,-0.00034032794807380167
2025-04-25,0.0006289363747335585
2025-04-28,-0.00018415152259089937
2025-04-29,0.0
2025-04-30,-0.0
2025-05-01,0.0
2025-05-02,0.0
2025-05-05,0.0
2025-05-06,0.0
2025-05-07,-6.55320890306724e-05
2025-05-08,-0.0005565653296304195
2025-05-09,-0.0006485000593256345
2025-05-12,-0.003534490271798779
2025-05-13,0.0
2025-05-14,0.0
2025-05-15,-0.0
2025-05-16,-0.0
2025-05-19,0.0
2025-05-20,-0.0
2025-05-21,0.0
2025-05-22,-0.0
2025-05-23,0.0
2025-05-26,0.0
2025-05-27,-0.0
2025-05-28,-0.0
2025-05-29,0.0
2025-05-30,-0.0
2025-06-02,0.0
2025-06-03,0.0
2025-06-04,-0.0
2025-06-05,0.0
2025-06-06,-0.0
2025-06-09,0.0
2025-06-10,-0.0
2025-06-11,-0.0
2025-06-12,0.0
2025-06-13,-0.0
2025-06-16,0.0
2025-06-17,-0.0
2025-06-18,-0.0
2025-06-19,-0.0
2025-06-20,0.0
2025-06-23,0.0
2025-06-24,0.0
2025-06-25,0.0
2025-06-26,0.0
2025-06-27,-0.0
2025-06-30,-0.00013347918875644977
2025-07-01,-0.005860875650467365
2025-07-02,-0.007210088753053796
2025-07-03,-0.0
2025-07-04,-0.0
2025-07-07,-0.0
2025-07-08,-0.0
2025-07-09,-0.0
2025-07-10,0.0
2025-07-11,-0.0
2025-07-14,-0.0
2025-07-15,0.0
2025-07-16,-0.0
2025-07-17,0.0
2025-07-18,0.0
2025-07-21,0.0
2025-07-22,0.0
2025-07-23,-0.00012356851785534244
2025-07-24,0.004438122085333643
2025-07-25,0.00896602589818048
2025-07-28,-0.0021051507684655894
2025-07-29,0.0
2025-07-30,-0.0
2025-07-31,-0.0
2025-08-01,0.0
2025-08-04,0.0
2025-08-05,-0.0
2025-08-06,0.0
2025-08-07,0.0
2025-08-08,0.0
2025-08-11,-0.0
2025-08-12,0.0
2025-08-13,-0.0001466878884469215
2025-08-14,0.003691014228662017
2025-08-15,-0.0007510131499432434
2025-08-18,0.003905671029102475
2025-08-19,-0.0
2025-08-20,0.0
2025-08-21,0.0
2025-08-22,0.0
2025-08-25,0.0
2025-08-26,0.0
2025-08-27,-0.0
2025-08-28,0.0
2025-08-29,0.0
2025-09-01,-0.0
2025-09-02,0.0
2025-09-03,-0.0
2025-09-04,-0.0
2025-09-05,-0.0
2025-09-08,0.0
2025-09-09,-0.0
2025-09-10,0.0
2025-09-11,0.0
2025-09-12,0.0
2025-09-15,-0.0001718807156627277
2025-09-16,0.006749353189524517
2025-09-17,0.014594941249139874
2025-09-18,-0.0
2025-09-19,0.0
2025-09-22,-0.0
2025-09-23,0.0
2025-09-24,0.0
2025-09-25,-0.0
2025-09-26,-0.0
2025-09-29,-8.65519494189203e-05
2025-09-30,0.008061781345914409
